MDDS STC,STATE NAME,MDDS DTC,DISTRICT NAME,MDDS Sub_DT,SUB-DISTRICT NAME,MDDS PLCN,Area Name
13,NAGALAND,000,NAGALAND,00000,NAGALAND,000000,NAGALAND
13,NAGALAND,261,Mon,00000,Mon,000000,Mon
13,NAGALAND,261,Mon,01744,Naginimora,000000,Naginimora
13,NAGALAND,261,Mon,01744,Naginimora,266967,Tiru (Lower)
13,NAGALAND,261,Mon,01744,Naginimora,266968,Tiru (Upper)
13,NAGALAND,261,Mon,01744,Naginimora,266969,Namthai
13,NAGALAND,261,Mon,01744,Naginimora,266970,Hotahoti
13,NAGALAND,261,Mon,01744,Naginimora,266971,Mahung (UR)
13,NAGALAND,261,Mon,01744,Naginimora,266972,Kongon
13,NAGALAND,261,Mon,01745,Tizit,000000,Tizit
13,NAGALAND,261,Mon,01745,Tizit,266973,Laokhun
13,NAGALAND,261,Mon,01745,Tizit,266974,Tingalibam (Sakho)
13,NAGALAND,261,Mon,01745,Tizit,266975,Yanpan
13,NAGALAND,261,Mon,01745,Tizit,266976,Tela
13,NAGALAND,261,Mon,01745,Tizit,266977,Tizit Hq
13,NAGALAND,261,Mon,01745,Tizit,266978,Tekun (UR)
13,NAGALAND,261,Mon,01745,Tizit,266979,Lapa
13,NAGALAND,261,Mon,01745,Tizit,266980,Lapalampong (UR)
13,NAGALAND,261,Mon,01745,Tizit,266981,Longlem
13,NAGALAND,261,Mon,01745,Tizit,266982,Tizit Village
13,NAGALAND,261,Mon,01745,Tizit,266983,Tekang (UR)
13,NAGALAND,261,Mon,01745,Tizit,266984,Old Sangsa (UR)
13,NAGALAND,261,Mon,01745,Tizit,266985,Sangsa
13,NAGALAND,261,Mon,01745,Tizit,266986,Ngangtan (UR)
13,NAGALAND,261,Mon,01745,Tizit,266987,Ngangting
13,NAGALAND,261,Mon,01745,Tizit,266988,Zakho
13,NAGALAND,261,Mon,01746,Hunta,000000,Hunta
13,NAGALAND,261,Mon,01746,Hunta,266989,Nokzang
13,NAGALAND,261,Mon,01746,Hunta,266990,Joboka
13,NAGALAND,261,Mon,01746,Hunta,266991,Neitong
13,NAGALAND,261,Mon,01746,Hunta,266992,Hunta Hq
13,NAGALAND,261,Mon,01746,Hunta,266993,Yannyu Laishan (UR)
13,NAGALAND,261,Mon,01746,Hunta,266994,Laokhu
13,NAGALAND,261,Mon,01746,Hunta,266995,Old Jaboka (UR)
13,NAGALAND,261,Mon,01746,Hunta,266996,Longting
13,NAGALAND,261,Mon,01746,Hunta,266997,Nokyan
13,NAGALAND,261,Mon,01746,Hunta,266998,Yannyu
13,NAGALAND,261,Mon,01747,Shangnyu,000000,Shangnyu
13,NAGALAND,261,Mon,01747,Shangnyu,266999,Zangkham Tingsa 
13,NAGALAND,261,Mon,01747,Shangnyu,267000,Zangkham
13,NAGALAND,261,Mon,01747,Shangnyu,267001,Nyasha
13,NAGALAND,261,Mon,01747,Shangnyu,267002,Shangnyu
13,NAGALAND,261,Mon,01747,Shangnyu,267003,Longpho
13,NAGALAND,261,Mon,01748,Mon Sadar,000000,Mon Sadar
13,NAGALAND,261,Mon,01748,Mon Sadar,267004,Oting
13,NAGALAND,261,Mon,01748,Mon Sadar,267005,Tekuk (UR)
13,NAGALAND,261,Mon,01748,Mon Sadar,267006,Wangla
13,NAGALAND,261,Mon,01748,Mon Sadar,267007,Goching
13,NAGALAND,261,Mon,01748,Mon Sadar,267008,Tuimei
13,NAGALAND,261,Mon,01748,Mon Sadar,267009,Phuktong
13,NAGALAND,261,Mon,01748,Mon Sadar,267010,Lampongsheanghah
13,NAGALAND,261,Mon,01748,Mon Sadar,267011,Hongphoi
13,NAGALAND,261,Mon,01748,Mon Sadar,267012,Pongkong
13,NAGALAND,261,Mon,01748,Mon Sadar,267013,Longkai
13,NAGALAND,261,Mon,01748,Mon Sadar,267014,Leangnyu
13,NAGALAND,261,Mon,01748,Mon Sadar,267015,Mon Village
13,NAGALAND,261,Mon,01748,Mon Sadar,267016,Leangha
13,NAGALAND,261,Mon,01748,Mon Sadar,267017,Chui
13,NAGALAND,261,Mon,01748,Mon Sadar,267018,Totokchingnyu
13,NAGALAND,261,Mon,01748,Mon Sadar,267019,Totok Chinglem (UR)
13,NAGALAND,261,Mon,01748,Mon Sadar,267020,Totokchingha
13,NAGALAND,261,Mon,01748,Mon Sadar,267021,Totokchingkho
13,NAGALAND,261,Mon,01749,Wakching,000000,Wakching
13,NAGALAND,261,Mon,01749,Wakching,267022,Tanhai
13,NAGALAND,261,Mon,01749,Wakching,267023,Wakching Hq
13,NAGALAND,261,Mon,01749,Wakching,267024,Shiyong
13,NAGALAND,261,Mon,01749,Wakching,267025,Lampong Wakching (UR)
13,NAGALAND,261,Mon,01749,Wakching,267026,Wakching 
13,NAGALAND,261,Mon,01749,Wakching,267027,Wakching Chingla Vill.
13,NAGALAND,261,Mon,01749,Wakching,267028,Wanching
13,NAGALAND,261,Mon,01749,Wakching,267029,Chingtang
13,NAGALAND,261,Mon,01749,Wakching,267030,Chingphoi
13,NAGALAND,261,Mon,01750,Aboi,000000,Aboi
13,NAGALAND,261,Mon,01750,Aboi,267031,Chinglong
13,NAGALAND,261,Mon,01750,Aboi,267032,Langmeang
13,NAGALAND,261,Mon,01750,Aboi,267033,Aboi Hq
13,NAGALAND,261,Mon,01750,Aboi,267034,Aopao Changle
13,NAGALAND,261,Mon,01750,Aboi,267035,Ao Pao
13,NAGALAND,261,Mon,01750,Aboi,267036,Ngangching
13,NAGALAND,261,Mon,01750,Aboi,267037,Chuhachinglen
13,NAGALAND,261,Mon,01750,Aboi,267038,Chuhachingnyu
13,NAGALAND,261,Mon,01751,Longshen,000000,Longshen
13,NAGALAND,261,Mon,01751,Longshen,267039,Tang
13,NAGALAND,261,Mon,01751,Longshen,267040,Yuting 
13,NAGALAND,261,Mon,01751,Longshen,267041,Longshen Hq
13,NAGALAND,261,Mon,01751,Longshen,267042,Shianghatangteh
13,NAGALAND,261,Mon,01751,Longshen,267043,Shianghachingnyu
13,NAGALAND,261,Mon,01751,Longshen,267044,Shianghamokok
13,NAGALAND,261,Mon,01751,Longshen,267045,Shianghawamsa
13,NAGALAND,261,Mon,01752,Phomching,000000,Phomching
13,NAGALAND,261,Mon,01752,Phomching,267046,Pukha
13,NAGALAND,261,Mon,01752,Phomching,267047,Longzang
13,NAGALAND,261,Mon,01752,Phomching,267048,Wetting
13,NAGALAND,261,Mon,01752,Phomching,267049,Phomching Hq
13,NAGALAND,261,Mon,01752,Phomching,267050,Nyahnyu
13,NAGALAND,261,Mon,01752,Phomching,267051,Longwa
13,NAGALAND,261,Mon,01752,Phomching,267052,Longwa Wasa
13,NAGALAND,261,Mon,01753,Chen,000000,Chen
13,NAGALAND,261,Mon,01753,Chen,267053,Choknyu
13,NAGALAND,261,Mon,01753,Chen,267054,Chen Hq
13,NAGALAND,261,Mon,01753,Chen,267055,Chenmoho
13,NAGALAND,261,Mon,01753,Chen,267056,Chenwetnyu
13,NAGALAND,261,Mon,01753,Chen,267057,Chenloisho
13,NAGALAND,261,Mon,01753,Chen,267058,Chingpong (UR) 
13,NAGALAND,261,Mon,01753,Chen,267059,Chingkao Chingnyu
13,NAGALAND,261,Mon,01753,Chen,267060,Chingkao Chingha
13,NAGALAND,261,Mon,01753,Chen,267061,Wangti
13,NAGALAND,261,Mon,01754,Angjangyang,000000,Angjangyang
13,NAGALAND,261,Mon,01754,Angjangyang,267062,Changai Hongnyu (UR)
13,NAGALAND,261,Mon,01754,Angjangyang,267063,Mohung
13,NAGALAND,261,Mon,01754,Angjangyang,267064,Sowa Changle
13,NAGALAND,261,Mon,01754,Angjangyang,267065,Sowa
13,NAGALAND,261,Mon,01754,Angjangyang,267066,Longching Village
13,NAGALAND,261,Mon,01754,Angjangyang,267067,Longching Hq
13,NAGALAND,261,Mon,01754,Angjangyang,267068,Changlang
13,NAGALAND,261,Mon,01754,Angjangyang,267069,Angphang
13,NAGALAND,261,Mon,01754,Angjangyang,267070,Angjangyang Vill.
13,NAGALAND,261,Mon,01754,Angjangyang,267071,Angjangyang Hq.
13,NAGALAND,261,Mon,01754,Angjangyang,267072,Jakphang
13,NAGALAND,261,Mon,01755,Mopong,000000,Mopong
13,NAGALAND,261,Mon,01755,Mopong,267073,Yei
13,NAGALAND,261,Mon,01755,Mopong,267074,Yonghong
13,NAGALAND,261,Mon,01755,Mopong,267075,Changnyu
13,NAGALAND,261,Mon,01755,Mopong,267076,Kenjenshu
13,NAGALAND,261,Mon,01755,Mopong,267077,Yakshu
13,NAGALAND,261,Mon,01755,Mopong,267078,Angchen (UR)
13,NAGALAND,261,Mon,01755,Mopong,267079,Mopong Hq
13,NAGALAND,261,Mon,01755,Mopong,267080,Ukha
13,NAGALAND,261,Mon,01755,Mopong,267081,Changkhoang (UR)
13,NAGALAND,261,Mon,01756,Tobu,000000,Tobu
13,NAGALAND,261,Mon,01756,Tobu,267082,Tamkong
13,NAGALAND,261,Mon,01756,Tobu,267083,Shamnyu
13,NAGALAND,261,Mon,01756,Tobu,267084,Tobu HQ
13,NAGALAND,261,Mon,01756,Tobu,267085,Tobu Village
13,NAGALAND,261,Mon,01757,Monyakshu,000000,Monyakshu
13,NAGALAND,261,Mon,01757,Monyakshu,267086,Thannyak (UR)
13,NAGALAND,261,Mon,01757,Monyakshu,267087,Meinchangle
13,NAGALAND,261,Mon,01757,Monyakshu,267088,Monyakshu Village
13,NAGALAND,261,Mon,01757,Monyakshu,267089,Monyakshu Hq
13,NAGALAND,261,Mon,01757,Monyakshu,267090,Changlangshu
13,NAGALAND,261,Mon,01757,Monyakshu,267091,Changsha (UR)
13,NAGALAND,261,Mon,01757,Monyakshu,267092,Bumei S/Comp.
13,NAGALAND,261,Mon,01757,Monyakshu,267093,Pesao
13,NAGALAND,261,Mon,01757,Monyakshu,267094,Changlu
13,NAGALAND,261,Mon,01757,Monyakshu,267095,Yongkhao
13,NAGALAND,261,Mon,01757,Monyakshu,267096,Eyiang (UR)
13,NAGALAND,261,Mon,01757,Monyakshu,267097,Shinnyu
13,NAGALAND,262,Mokokchung,00000,Mokokchung,000000,Mokokchung
13,NAGALAND,262,Mokokchung,01758,Longchem,000000,Longchem
13,NAGALAND,262,Mokokchung,01758,Longchem,267098,Yajang 'B'
13,NAGALAND,262,Mokokchung,01758,Longchem,267099,Yajang Model Vill. (UR)
13,NAGALAND,262,Mokokchung,01758,Longchem,267100,Yajang 'A'
13,NAGALAND,262,Mokokchung,01758,Longchem,267101,Yajang 'C'
13,NAGALAND,262,Mokokchung,01758,Longchem,267102,Lirmen
13,NAGALAND,262,Mokokchung,01758,Longchem,267103,Saring
13,NAGALAND,262,Mokokchung,01758,Longchem,267104,Akumen
13,NAGALAND,262,Mokokchung,01758,Longchem,267105,Tsurmen
13,NAGALAND,262,Mokokchung,01758,Longchem,267106,Aonokpuyimsen (UR)
13,NAGALAND,262,Mokokchung,01758,Longchem,267107,Aonokpu
13,NAGALAND,262,Mokokchung,01758,Longchem,267108,Longchem Comp.
13,NAGALAND,262,Mokokchung,01758,Longchem,267109,Nokpu
13,NAGALAND,262,Mokokchung,01758,Longchem,267110,Changdang
13,NAGALAND,262,Mokokchung,01758,Longchem,267111,Lizo Model Vill. (UR)
13,NAGALAND,262,Mokokchung,01758,Longchem,267112,Lakhuni
13,NAGALAND,262,Mokokchung,01758,Longchem,267113,Alongtaki Comp. (UR)
13,NAGALAND,262,Mokokchung,01759,Alongkima,000000,Alongkima
13,NAGALAND,262,Mokokchung,01759,Alongkima,267114,Molungyimsen
13,NAGALAND,262,Mokokchung,01759,Alongkima,267115,Molungyimsen 'B' (Luyong)
13,NAGALAND,262,Mokokchung,01759,Alongkima,267116,Molungkimong
13,NAGALAND,262,Mokokchung,01759,Alongkima,267117,Yimjenkimong
13,NAGALAND,262,Mokokchung,01759,Alongkima,267118,Waromong
13,NAGALAND,262,Mokokchung,01759,Alongkima,267119,Waromong Comp.
13,NAGALAND,262,Mokokchung,01759,Alongkima,267120,Alongkima Hq
13,NAGALAND,262,Mokokchung,01759,Alongkima,267121,Dibuia Comp.
13,NAGALAND,262,Mokokchung,01759,Alongkima,267122,Dibuia
13,NAGALAND,262,Mokokchung,01759,Alongkima,267123,Mongchen
13,NAGALAND,262,Mokokchung,01760,Tuli,000000,Tuli
13,NAGALAND,262,Mokokchung,01760,Tuli,267124,Anaki 'C'
13,NAGALAND,262,Mokokchung,01760,Tuli,267125,Anakiyimsen
13,NAGALAND,262,Mokokchung,01760,Tuli,267126,Kangtsung Yimsen (UR) 
13,NAGALAND,262,Mokokchung,01760,Tuli,267127,Anaki
13,NAGALAND,262,Mokokchung,01760,Tuli,267128,Wamakenyimsen (UR)
13,NAGALAND,262,Mokokchung,01760,Tuli,267129,Wamaken
13,NAGALAND,262,Mokokchung,01760,Tuli,267130,Kangtsung
13,NAGALAND,262,Mokokchung,01760,Tuli,267131,Aopenzu
13,NAGALAND,262,Mokokchung,01760,Tuli,267132,Merangkong
13,NAGALAND,262,Mokokchung,01760,Tuli,267133,Merangkong Comp.
13,NAGALAND,262,Mokokchung,01760,Tuli,267134,Asangma
13,NAGALAND,262,Mokokchung,01760,Tuli,267135,Tsudikong (13th Mile Tuli Paper Mill ) (CT)
13,NAGALAND,262,Mokokchung,01761,Changtongya,000000,Changtongya
13,NAGALAND,262,Mokokchung,01761,Changtongya,267136,Yaongyimsen Comp.
13,NAGALAND,262,Mokokchung,01761,Changtongya,267137,Yaongyimsen
13,NAGALAND,262,Mokokchung,01761,Changtongya,267138,Changtongya (Old)
13,NAGALAND,262,Mokokchung,01761,Changtongya,267139,Changtongya (New)
13,NAGALAND,262,Mokokchung,01761,Changtongya,267140,Kilingmen
13,NAGALAND,262,Mokokchung,01761,Changtongya,267141,Akhoia
13,NAGALAND,262,Mokokchung,01761,Changtongya,267142,Unger
13,NAGALAND,262,Mokokchung,01762,Chuchuyimlang,000000,Chuchuyimlang
13,NAGALAND,262,Mokokchung,01762,Chuchuyimlang,267143,Chuchuyimlang Vill.
13,NAGALAND,262,Mokokchung,01762,Chuchuyimlang,267144,Chuchuyimlang
13,NAGALAND,262,Mokokchung,01762,Chuchuyimlang,267145,Salulemang
13,NAGALAND,262,Mokokchung,01762,Chuchuyimlang,267146,Yaongyimti (Old)
13,NAGALAND,262,Mokokchung,01762,Chuchuyimlang,267147,Phangsang Comp.
13,NAGALAND,262,Mokokchung,01762,Chuchuyimlang,267148,Yaongyimti (New)
13,NAGALAND,262,Mokokchung,01762,Chuchuyimlang,267149,Mongsenyimti
13,NAGALAND,262,Mokokchung,01762,Chuchuyimlang,267150,Mongsenyimti Comp. (UR)
13,NAGALAND,262,Mokokchung,01762,Chuchuyimlang,267151,Yisemyong Comp.
13,NAGALAND,262,Mokokchung,01762,Chuchuyimlang,267152,Longkong
13,NAGALAND,262,Mokokchung,01762,Chuchuyimlang,267153,Chakpa
13,NAGALAND,262,Mokokchung,01763,Kubolong,000000,Kubolong
13,NAGALAND,262,Mokokchung,01763,Kubolong,267154,Khanimu
13,NAGALAND,262,Mokokchung,01763,Kubolong,267155,Longjang
13,NAGALAND,262,Mokokchung,01763,Kubolong,267156,Longpa
13,NAGALAND,262,Mokokchung,01763,Kubolong,267157,Kubolong Hq
13,NAGALAND,262,Mokokchung,01763,Kubolong,267158,Chami
13,NAGALAND,262,Mokokchung,01763,Kubolong,267159,Mopungchukit
13,NAGALAND,262,Mokokchung,01763,Kubolong,267160,Sungratsu
13,NAGALAND,262,Mokokchung,01763,Kubolong,267161,Impur Comp.
13,NAGALAND,262,Mokokchung,01763,Kubolong,267162,Alongchen Comp.
13,NAGALAND,262,Mokokchung,01763,Kubolong,267163,Yimchalu
13,NAGALAND,262,Mokokchung,01764,Mangkolemba,000000,Mangkolemba
13,NAGALAND,262,Mokokchung,01764,Mangkolemba,267164,Khar
13,NAGALAND,262,Mokokchung,01764,Mangkolemba,267165,Japu
13,NAGALAND,262,Mokokchung,01764,Mangkolemba,267166,Longsemdang
13,NAGALAND,262,Mokokchung,01764,Mangkolemba,267167,Mangkolemba Hq
13,NAGALAND,262,Mokokchung,01764,Mangkolemba,267168,Longtho
13,NAGALAND,262,Mokokchung,01764,Mangkolemba,267169,Satsukba
13,NAGALAND,262,Mokokchung,01764,Mangkolemba,267170,Atuphumi
13,NAGALAND,262,Mokokchung,01764,Mangkolemba,267171,Chungliyimsen
13,NAGALAND,262,Mokokchung,01764,Mangkolemba,267172,Shihaphumi
13,NAGALAND,262,Mokokchung,01764,Mangkolemba,267173,Puneboto Comp.
13,NAGALAND,262,Mokokchung,01764,Mangkolemba,267174,Longnak
13,NAGALAND,262,Mokokchung,01764,Mangkolemba,267175,Chungliyimsen Comp.
13,NAGALAND,262,Mokokchung,01764,Mangkolemba,267176,Merakiong
13,NAGALAND,262,Mokokchung,01764,Mangkolemba,267177,Changki
13,NAGALAND,262,Mokokchung,01765,Merangmen,000000,Merangmen
13,NAGALAND,262,Mokokchung,01765,Merangmen,267178,Tsutapela (UR)
13,NAGALAND,262,Mokokchung,01765,Merangmen,267179,Aosungkum
13,NAGALAND,262,Mokokchung,01765,Merangmen,267180,Aokum
13,NAGALAND,262,Mokokchung,01765,Merangmen,267181,Vikuto (UR)
13,NAGALAND,262,Mokokchung,01765,Merangmen,267182,Aosenden
13,NAGALAND,262,Mokokchung,01765,Merangmen,267183,Chungtiayimsen
13,NAGALAND,262,Mokokchung,01765,Merangmen,267184,Longphayimsen
13,NAGALAND,262,Mokokchung,01765,Merangmen,267185,Watiyim
13,NAGALAND,262,Mokokchung,01765,Merangmen,267186,Moayimti
13,NAGALAND,262,Mokokchung,01765,Merangmen,267187,Medemyim
13,NAGALAND,262,Mokokchung,01766,Ongpangkong,000000,Ongpangkong
13,NAGALAND,262,Mokokchung,01766,Ongpangkong,267188,Chungtia
13,NAGALAND,262,Mokokchung,01766,Ongpangkong,267189,Longjongkong (New Camp) (UR)
13,NAGALAND,262,Mokokchung,01766,Ongpangkong,267190,Aliba
13,NAGALAND,262,Mokokchung,01766,Ongpangkong,267191,Kinunger
13,NAGALAND,262,Mokokchung,01766,Ongpangkong,267192,Mekuli
13,NAGALAND,262,Mokokchung,01766,Ongpangkong,267193,Khensa
13,NAGALAND,262,Mokokchung,01766,Ongpangkong,267194,Mokokchung Vill.
13,NAGALAND,262,Mokokchung,01766,Ongpangkong,267195,Chubayimkum
13,NAGALAND,262,Mokokchung,01766,Ongpangkong,267196,Chuchuyimpang
13,NAGALAND,262,Mokokchung,01766,Ongpangkong,267197,Longmisa
13,NAGALAND,262,Mokokchung,01766,Ongpangkong,267198,Kupza
13,NAGALAND,262,Mokokchung,01766,Ongpangkong,267199,Mangmetong
13,NAGALAND,262,Mokokchung,01766,Ongpangkong,267200,Longkhum
13,NAGALAND,262,Mokokchung,01766,Ongpangkong,267201,Alichen (UR)
13,NAGALAND,262,Mokokchung,01766,Ongpangkong,267202,Settsu
13,NAGALAND,262,Mokokchung,01766,Ongpangkong,267203,Ungma
13,NAGALAND,262,Mokokchung,01766,Ongpangkong,267204,Moalenden
13,NAGALAND,262,Mokokchung,01766,Ongpangkong,267205,Meyilong
13,NAGALAND,262,Mokokchung,01766,Ongpangkong,267206,Longsa
13,NAGALAND,263,Zunheboto,00000,Zunheboto,000000,Zunheboto
13,NAGALAND,263,Zunheboto,01767,V.K.,000000,V.K.
13,NAGALAND,263,Zunheboto,01767,V.K.,267207,Izheto
13,NAGALAND,263,Zunheboto,01767,V.K.,267208,Sastami
13,NAGALAND,263,Zunheboto,01767,V.K.,267209,V.K. Hq
13,NAGALAND,263,Zunheboto,01767,V.K.,267210,Ajiqami
13,NAGALAND,263,Zunheboto,01767,V.K.,267211,Maromi
13,NAGALAND,263,Zunheboto,01767,V.K.,267212,Litta (Old)
13,NAGALAND,263,Zunheboto,01767,V.K.,267213,Litta (New)
13,NAGALAND,263,Zunheboto,01767,V.K.,267214,Phushumi
13,NAGALAND,263,Zunheboto,01767,V.K.,267215,Mukhami
13,NAGALAND,263,Zunheboto,01768,Akuluto,000000,Akuluto
13,NAGALAND,263,Zunheboto,01768,Akuluto,267216,Sumi Settsu
13,NAGALAND,263,Zunheboto,01768,Akuluto,267217,Zaphumi
13,NAGALAND,263,Zunheboto,01768,Akuluto,267218,Lumami
13,NAGALAND,263,Zunheboto,01768,Akuluto,267219,Alaphumi
13,NAGALAND,263,Zunheboto,01768,Akuluto,267220,Lumthsami
13,NAGALAND,263,Zunheboto,01768,Akuluto,267221,Akuluto
13,NAGALAND,263,Zunheboto,01768,Akuluto,267222,Sutemi
13,NAGALAND,263,Zunheboto,01768,Akuluto,267223,Shichimi
13,NAGALAND,263,Zunheboto,01768,Akuluto,267224,Lotisami (New)
13,NAGALAND,263,Zunheboto,01768,Akuluto,267225,Lotisami (Old)
13,NAGALAND,263,Zunheboto,01769,Suruhuto,000000,Suruhuto
13,NAGALAND,263,Zunheboto,01769,Suruhuto,267226,Lithsami
13,NAGALAND,263,Zunheboto,01769,Suruhuto,267227,Sapotimi
13,NAGALAND,263,Zunheboto,01769,Suruhuto,267228,Tichipami
13,NAGALAND,263,Zunheboto,01769,Suruhuto,267229,Zhekuto
13,NAGALAND,263,Zunheboto,01769,Suruhuto,267230,Kholeboto
13,NAGALAND,263,Zunheboto,01769,Suruhuto,267231,Kiyetha
13,NAGALAND,263,Zunheboto,01769,Suruhuto,267232,Surumi
13,NAGALAND,263,Zunheboto,01769,Suruhuto,267233,Suruhuto Hq
13,NAGALAND,263,Zunheboto,01769,Suruhuto,267234,Yehemi
13,NAGALAND,263,Zunheboto,01769,Suruhuto,267235,Phuye (Old)
13,NAGALAND,263,Zunheboto,01769,Suruhuto,267236,Aichi Saghami
13,NAGALAND,263,Zunheboto,01769,Suruhuto,267237,Phuye (New)   
13,NAGALAND,263,Zunheboto,01769,Suruhuto,267238,Vedami
13,NAGALAND,263,Zunheboto,01769,Suruhuto,267239,Naltoqa
13,NAGALAND,263,Zunheboto,01770,Asuto,000000,Asuto
13,NAGALAND,263,Zunheboto,01770,Asuto,267240,Akhakhu
13,NAGALAND,263,Zunheboto,01770,Asuto,267241,Khumishi 'B'
13,NAGALAND,263,Zunheboto,01770,Asuto,267242,Khumishi 'A' Y. Khel
13,NAGALAND,263,Zunheboto,01770,Asuto,267243,Atunakugha
13,NAGALAND,263,Zunheboto,01770,Asuto,267244,Khumishi 'A'
13,NAGALAND,263,Zunheboto,01770,Asuto,267245,T.Island  S/Comp.
13,NAGALAND,263,Zunheboto,01770,Asuto,267246,Kathara
13,NAGALAND,263,Zunheboto,01770,Asuto,267247,Yeshito
13,NAGALAND,263,Zunheboto,01770,Asuto,267248,Kikhevi
13,NAGALAND,263,Zunheboto,01770,Asuto,267249,Yevishe
13,NAGALAND,263,Zunheboto,01770,Asuto,267250,Nihoshe  (N)
13,NAGALAND,263,Zunheboto,01770,Asuto,267251,Achikuchu  'B'
13,NAGALAND,263,Zunheboto,01770,Asuto,267252,Achikuchu 'A'        
13,NAGALAND,263,Zunheboto,01770,Asuto,267253,Asuto Hq
13,NAGALAND,263,Zunheboto,01770,Asuto,267254,Asuto Vill.
13,NAGALAND,263,Zunheboto,01770,Asuto,267255,Tokiye
13,NAGALAND,263,Zunheboto,01770,Asuto,267256,Tazuhumi
13,NAGALAND,263,Zunheboto,01770,Asuto,267257,Tuzuhumi
13,NAGALAND,263,Zunheboto,01770,Asuto,267258,Sahuboto  S/Comp.
13,NAGALAND,263,Zunheboto,01770,Asuto,267259,Koiboto
13,NAGALAND,263,Zunheboto,01770,Asuto,267260,Kitahumi
13,NAGALAND,263,Zunheboto,01770,Asuto,267261,Satami
13,NAGALAND,263,Zunheboto,01770,Asuto,267262,Lizutomi
13,NAGALAND,263,Zunheboto,01770,Asuto,267263,Aghulitomi
13,NAGALAND,263,Zunheboto,01770,Asuto,267264,Nizhevi
13,NAGALAND,263,Zunheboto,01770,Asuto,267265,Ngozubomi
13,NAGALAND,263,Zunheboto,01770,Asuto,267266,Melahumi
13,NAGALAND,263,Zunheboto,01771,Aghunato,000000,Aghunato
13,NAGALAND,263,Zunheboto,01771,Aghunato,267267,Phuleshetomi
13,NAGALAND,263,Zunheboto,01771,Aghunato,267268,Luthsumi
13,NAGALAND,263,Zunheboto,01771,Aghunato,267269,Keltomi
13,NAGALAND,263,Zunheboto,01771,Aghunato,267270,Lukhuyimi
13,NAGALAND,263,Zunheboto,01771,Aghunato,267271,Zheishe
13,NAGALAND,263,Zunheboto,01771,Aghunato,267272,Shevishe
13,NAGALAND,263,Zunheboto,01771,Aghunato,267273,Akubami (New)
13,NAGALAND,263,Zunheboto,01771,Aghunato,267274,Akubami (Old)
13,NAGALAND,263,Zunheboto,01771,Aghunato,267275,Lukikhe
13,NAGALAND,263,Zunheboto,01771,Aghunato,267276,Ghokishe
13,NAGALAND,263,Zunheboto,01771,Aghunato,267277,Aghunato Hq
13,NAGALAND,263,Zunheboto,01771,Aghunato,267278,Luvishe (Old)
13,NAGALAND,263,Zunheboto,01771,Aghunato,267279,Thokihimi
13,NAGALAND,263,Zunheboto,01771,Aghunato,267280,Tsukomi
13,NAGALAND,263,Zunheboto,01771,Aghunato,267281,Luvishe (New)
13,NAGALAND,263,Zunheboto,01771,Aghunato,267282,Viyilho
13,NAGALAND,263,Zunheboto,01771,Aghunato,267283,Viyixe
13,NAGALAND,263,Zunheboto,01771,Aghunato,267284,Tokiye
13,NAGALAND,263,Zunheboto,01771,Aghunato,267285,Khukishe
13,NAGALAND,263,Zunheboto,01771,Aghunato,267286,Yezashimi
13,NAGALAND,263,Zunheboto,01771,Aghunato,267287,Aghiyilimi
13,NAGALAND,263,Zunheboto,01771,Aghunato,267288,Khetoi
13,NAGALAND,263,Zunheboto,01771,Aghunato,267289,Khewoto
13,NAGALAND,263,Zunheboto,01771,Aghunato,267290,Hoshepu
13,NAGALAND,263,Zunheboto,01771,Aghunato,267291,Hoshepu S/Comp.
13,NAGALAND,263,Zunheboto,01771,Aghunato,267292,Khekiye
13,NAGALAND,263,Zunheboto,01771,Aghunato,267293,Nihoshe (S)
13,NAGALAND,263,Zunheboto,01771,Aghunato,267294,Tsutha Hydel Project
13,NAGALAND,263,Zunheboto,01772,Zunheboto Sadar,000000,Zunheboto Sadar
13,NAGALAND,263,Zunheboto,01772,Zunheboto Sadar,267295,Asukhomi
13,NAGALAND,263,Zunheboto,01772,Zunheboto Sadar,267296,Lochomi
13,NAGALAND,263,Zunheboto,01772,Zunheboto Sadar,267297,Yezami
13,NAGALAND,263,Zunheboto,01772,Zunheboto Sadar,267298,Kheshepu
13,NAGALAND,263,Zunheboto,01772,Zunheboto Sadar,267299,Lizu Aviqato
13,NAGALAND,263,Zunheboto,01772,Zunheboto Sadar,267300,Lizu (New)
13,NAGALAND,263,Zunheboto,01772,Zunheboto Sadar,267301,Lizu (Old)
13,NAGALAND,263,Zunheboto,01772,Zunheboto Sadar,267302,Lizu Naghuto
13,NAGALAND,263,Zunheboto,01772,Zunheboto Sadar,267303,Hekiye
13,NAGALAND,263,Zunheboto,01772,Zunheboto Sadar,267304,New Land
13,NAGALAND,263,Zunheboto,01772,Zunheboto Sadar,267305,Kawoto
13,NAGALAND,263,Zunheboto,01772,Zunheboto Sadar,267306,Baimho
13,NAGALAND,263,Zunheboto,01772,Zunheboto Sadar,267307,Shotomi
13,NAGALAND,263,Zunheboto,01772,Zunheboto Sadar,267308,Natha (New)
13,NAGALAND,263,Zunheboto,01772,Zunheboto Sadar,267309,Kulhopu
13,NAGALAND,263,Zunheboto,01772,Zunheboto Sadar,267310,Nikuto
13,NAGALAND,263,Zunheboto,01772,Zunheboto Sadar,267311,Ghukiye
13,NAGALAND,263,Zunheboto,01772,Zunheboto Sadar,267312,Xukhepu
13,NAGALAND,263,Zunheboto,01772,Zunheboto Sadar,267313,Zungti
13,NAGALAND,263,Zunheboto,01772,Zunheboto Sadar,267314,Natha (Old)
13,NAGALAND,263,Zunheboto,01772,Zunheboto Sadar,267315,Sheipu
13,NAGALAND,263,Zunheboto,01772,Zunheboto Sadar,267316,Sukhalu
13,NAGALAND,263,Zunheboto,01772,Zunheboto Sadar,267317,Yemishe
13,NAGALAND,263,Zunheboto,01773,Atoizu,000000,Atoizu
13,NAGALAND,263,Zunheboto,01773,Atoizu,267318,Lokobomi
13,NAGALAND,263,Zunheboto,01773,Atoizu,267319,Apukito (UR)
13,NAGALAND,263,Zunheboto,01773,Atoizu,267320,Aizuto Mission Centre (UR)
13,NAGALAND,263,Zunheboto,01773,Atoizu,267321,Awotsakilimi
13,NAGALAND,263,Zunheboto,01773,Atoizu,267322,Naghuto (Old)
13,NAGALAND,263,Zunheboto,01773,Atoizu,267323,Naghuto (New)
13,NAGALAND,263,Zunheboto,01773,Atoizu,267324,Mapulumi
13,NAGALAND,263,Zunheboto,01773,Atoizu,267325,Atoizu Hq
13,NAGALAND,263,Zunheboto,01773,Atoizu,267326,Kitsakita  (UR)
13,NAGALAND,263,Zunheboto,01773,Atoizu,267327,Vekuho (New)
13,NAGALAND,263,Zunheboto,01773,Atoizu,267328,Vekuho (Old)
13,NAGALAND,263,Zunheboto,01773,Atoizu,267329,Asukhuto
13,NAGALAND,263,Zunheboto,01773,Atoizu,267330,Khelhoshe Polytechnic Atoizu
13,NAGALAND,263,Zunheboto,01773,Atoizu,267331,Yesholutomi
13,NAGALAND,263,Zunheboto,01773,Atoizu,267332,Emlomi
13,NAGALAND,263,Zunheboto,01773,Atoizu,267333,Litsami
13,NAGALAND,263,Zunheboto,01773,Atoizu,267334,Sukomi
13,NAGALAND,263,Zunheboto,01774,Akuhaito,000000,Akuhaito
13,NAGALAND,263,Zunheboto,01774,Akuhaito,267335,Khrimtomi
13,NAGALAND,263,Zunheboto,01774,Akuhaito,267336,Akuhaito  EAC Hq
13,NAGALAND,263,Zunheboto,01774,Akuhaito,267337,Roto (New)
13,NAGALAND,263,Zunheboto,01774,Akuhaito,267338,Philimi
13,NAGALAND,263,Zunheboto,01774,Akuhaito,267339,Roto (Old)
13,NAGALAND,263,Zunheboto,01775,Pughoboto,000000,Pughoboto
13,NAGALAND,263,Zunheboto,01775,Pughoboto,267340,Tsaphimi
13,NAGALAND,263,Zunheboto,01775,Pughoboto,267341,Kitami
13,NAGALAND,263,Zunheboto,01775,Pughoboto,267342,Puneboqa
13,NAGALAND,263,Zunheboto,01775,Pughoboto,267343,Asukiqa
13,NAGALAND,263,Zunheboto,01775,Pughoboto,267344,Ghokimi
13,NAGALAND,263,Zunheboto,01775,Pughoboto,267345,Natsumi
13,NAGALAND,263,Zunheboto,01775,Pughoboto,267346,Pughoboto Hq
13,NAGALAND,263,Zunheboto,01775,Pughoboto,267347,Mishilimi
13,NAGALAND,263,Zunheboto,01775,Pughoboto,267348,Lazami
13,NAGALAND,263,Zunheboto,01775,Pughoboto,267349,Phuyeqa (UR)
13,NAGALAND,263,Zunheboto,01776,Ghathashi,000000,Ghathashi
13,NAGALAND,263,Zunheboto,01776,Ghathashi,267350,Kichilimi
13,NAGALAND,263,Zunheboto,01776,Ghathashi,267351,Awohumi
13,NAGALAND,263,Zunheboto,01776,Ghathashi,267352,Shesulimi
13,NAGALAND,263,Zunheboto,01776,Ghathashi,267353,Mukalimi
13,NAGALAND,263,Zunheboto,01776,Ghathashi,267354,Chishilimi
13,NAGALAND,263,Zunheboto,01776,Ghathashi,267355,Chisholomi
13,NAGALAND,263,Zunheboto,01776,Ghathashi,267356,Khughutomi
13,NAGALAND,263,Zunheboto,01776,Ghathashi,267357,Kilomi
13,NAGALAND,263,Zunheboto,01776,Ghathashi,267358,Ghathashi Hq
13,NAGALAND,263,Zunheboto,01776,Ghathashi,267359,Iphonumi
13,NAGALAND,263,Zunheboto,01776,Ghathashi,267360,Hebolimi
13,NAGALAND,263,Zunheboto,01776,Ghathashi,267361,Tukuliqa
13,NAGALAND,263,Zunheboto,01776,Ghathashi,267362,Ighanumi
13,NAGALAND,263,Zunheboto,01777,Satakha,000000,Satakha
13,NAGALAND,263,Zunheboto,01777,Satakha,267363,Nunumi
13,NAGALAND,263,Zunheboto,01777,Satakha,267364,Shoipu
13,NAGALAND,263,Zunheboto,01777,Satakha,267365,Momi
13,NAGALAND,263,Zunheboto,01777,Satakha,267366,Shoixe
13,NAGALAND,263,Zunheboto,01777,Satakha,267367,Kiyekhu
13,NAGALAND,263,Zunheboto,01777,Satakha,267368,Aghuhito S/Comp.
13,NAGALAND,263,Zunheboto,01777,Satakha,267369,Satakha Vill
13,NAGALAND,263,Zunheboto,01777,Satakha,267370,Hoishe
13,NAGALAND,263,Zunheboto,01777,Satakha,267371,Tukunasami
13,NAGALAND,263,Zunheboto,01777,Satakha,267372,Khukiye
13,NAGALAND,263,Zunheboto,01777,Satakha,267373,Lukhai
13,NAGALAND,263,Zunheboto,01777,Satakha,267374,Zhekiye
13,NAGALAND,263,Zunheboto,01777,Satakha,267375,Ghukhuyi
13,NAGALAND,263,Zunheboto,01777,Satakha,267376,Kilo (Old)
13,NAGALAND,263,Zunheboto,01777,Satakha,267377,Xuivi
13,NAGALAND,263,Zunheboto,01777,Satakha,267378,Sukhai
13,NAGALAND,263,Zunheboto,01777,Satakha,267379,Vishepu
13,NAGALAND,263,Zunheboto,01777,Satakha,267380,Kivikhu
13,NAGALAND,263,Zunheboto,01777,Satakha,267381,Xanuboto  S/Comp.
13,NAGALAND,263,Zunheboto,01777,Satakha,267382,Satakha Hq. (CT)
13,NAGALAND,263,Zunheboto,01778,Saptiqa,000000,Saptiqa
13,NAGALAND,263,Zunheboto,01778,Saptiqa,267383,Sena  (Old)
13,NAGALAND,263,Zunheboto,01778,Saptiqa,267384,Sena  (New)
13,NAGALAND,263,Zunheboto,01778,Saptiqa,267385,Saptiqa
13,NAGALAND,263,Zunheboto,01778,Saptiqa,267386,Zhevishe
13,NAGALAND,263,Zunheboto,01778,Saptiqa,267387,Usutomi
13,NAGALAND,263,Zunheboto,01779,Satoi,000000,Satoi
13,NAGALAND,263,Zunheboto,01779,Satoi,267388,Ikiye
13,NAGALAND,263,Zunheboto,01779,Satoi,267389,Itovi
13,NAGALAND,263,Zunheboto,01779,Satoi,267390,Ghokhuvi
13,NAGALAND,263,Zunheboto,01779,Satoi,267391,Satoi Vill
13,NAGALAND,263,Zunheboto,01779,Satoi,267392,Satoi Hq
13,NAGALAND,263,Zunheboto,01779,Satoi,267393,Tsuruhu
13,NAGALAND,263,Zunheboto,01779,Satoi,267394,Kheshito
13,NAGALAND,263,Zunheboto,01779,Satoi,267395,Tsutoho
13,NAGALAND,263,Zunheboto,01779,Satoi,267396,Thakiye
13,NAGALAND,263,Zunheboto,01779,Satoi,267397,Khuvuxu
13,NAGALAND,263,Zunheboto,01779,Satoi,267398,Hokiye
13,NAGALAND,264,Wokha,00000,Wokha,000000,Wokha
13,NAGALAND,264,Wokha,01780,Changpang,000000,Changpang
13,NAGALAND,264,Wokha,01780,Changpang,267399,Akahuto
13,NAGALAND,264,Wokha,01780,Changpang,267400,Aghuatito
13,NAGALAND,264,Wokha,01780,Changpang,267401,Amboto (Old)
13,NAGALAND,264,Wokha,01780,Changpang,267402,Akuhaiqua
13,NAGALAND,264,Wokha,01780,Changpang,267403,Amboto (New)
13,NAGALAND,264,Wokha,01780,Changpang,267404,Khakuthato
13,NAGALAND,264,Wokha,01780,Changpang,267405,Shuvukhu (UR)
13,NAGALAND,264,Wokha,01780,Changpang,267406,Mithehe (Mithelijan)
13,NAGALAND,264,Wokha,01780,Changpang,267407,Tssori (New)
13,NAGALAND,264,Wokha,01780,Changpang,267408,Tssori (Old)
13,NAGALAND,264,Wokha,01780,Changpang,267409,Azuhoto
13,NAGALAND,264,Wokha,01780,Changpang,267410,Sumito
13,NAGALAND,264,Wokha,01780,Changpang,267411,Lichuyan
13,NAGALAND,264,Wokha,01780,Changpang,267412,New Wozhu
13,NAGALAND,264,Wokha,01780,Changpang,267413,Wozhu (Old)
13,NAGALAND,264,Wokha,01780,Changpang,267414,Changpang Hq
13,NAGALAND,264,Wokha,01780,Changpang,267415,Changpang Vill.
13,NAGALAND,264,Wokha,01780,Changpang,267416,ONGC Changpang 
13,NAGALAND,264,Wokha,01780,Changpang,267417,Longtsiri
13,NAGALAND,264,Wokha,01780,Changpang,267418,Lio-Longidang
13,NAGALAND,264,Wokha,01781,Aitepyong,000000,Aitepyong
13,NAGALAND,264,Wokha,01781,Aitepyong,267419,Zukeshe
13,NAGALAND,264,Wokha,01781,Aitepyong,267420,Yankhum (UR)
13,NAGALAND,264,Wokha,01781,Aitepyong,267421,Akuk Mhayan (UR)
13,NAGALAND,264,Wokha,01781,Aitepyong,267422,Chanaka
13,NAGALAND,264,Wokha,01781,Aitepyong,267423,Akuk (New)
13,NAGALAND,264,Wokha,01781,Aitepyong,267424,Mekokla
13,NAGALAND,264,Wokha,01781,Aitepyong,267425,Akuk (Old)
13,NAGALAND,264,Wokha,01781,Aitepyong,267426,Aitepyong Station
13,NAGALAND,264,Wokha,01781,Aitepyong,267427,Lakhuti
13,NAGALAND,264,Wokha,01782,Bhandari,000000,Bhandari
13,NAGALAND,264,Wokha,01782,Bhandari,267428,Mekirang
13,NAGALAND,264,Wokha,01782,Bhandari,267429,Yimpang
13,NAGALAND,264,Wokha,01782,Bhandari,267430,Alikhum
13,NAGALAND,264,Wokha,01782,Bhandari,267431,Longayim
13,NAGALAND,264,Wokha,01782,Bhandari,267432,Merapani
13,NAGALAND,264,Wokha,01782,Bhandari,267433,Liolongchum
13,NAGALAND,264,Wokha,01782,Bhandari,267434,Bhandari Hq
13,NAGALAND,264,Wokha,01782,Bhandari,267435,Bhandari Vill
13,NAGALAND,264,Wokha,01782,Bhandari,267436,Khumchoyan
13,NAGALAND,264,Wokha,01782,Bhandari,267437,Serika 'A' + 'B'
13,NAGALAND,264,Wokha,01782,Bhandari,267438,Yimparasa
13,NAGALAND,264,Wokha,01782,Bhandari,267439,Pangtong
13,NAGALAND,264,Wokha,01782,Bhandari,267440,Roni (Old)
13,NAGALAND,264,Wokha,01782,Bhandari,267441,Suphayan
13,NAGALAND,264,Wokha,01782,Bhandari,267442,Roni (New)
13,NAGALAND,264,Wokha,01782,Bhandari,267443,Yimza
13,NAGALAND,264,Wokha,01782,Bhandari,267444,Mongphio
13,NAGALAND,264,Wokha,01782,Bhandari,267445,Lishuyo
13,NAGALAND,264,Wokha,01782,Bhandari,267446,Yencho
13,NAGALAND,264,Wokha,01782,Bhandari,267447,Longjung (UR)
13,NAGALAND,264,Wokha,01782,Bhandari,267448,Liowokha (Old)
13,NAGALAND,264,Wokha,01782,Bhandari,267449,Liowokha (New)
13,NAGALAND,264,Wokha,01782,Bhandari,267450,Sungkha
13,NAGALAND,264,Wokha,01782,Bhandari,267451,Hayiyan
13,NAGALAND,264,Wokha,01782,Bhandari,267452,Liphi  
13,NAGALAND,264,Wokha,01782,Bhandari,267453,Ruchanyan
13,NAGALAND,264,Wokha,01782,Bhandari,267454,Yanmhon (Old)
13,NAGALAND,264,Wokha,01782,Bhandari,267455,Renthanyan (UR)
13,NAGALAND,264,Wokha,01782,Bhandari,267456,Yanmhon (New)
13,NAGALAND,264,Wokha,01782,Bhandari,267457,Koro (Old)
13,NAGALAND,264,Wokha,01782,Bhandari,267458,Koro (New) (UR)
13,NAGALAND,264,Wokha,01783,Baghty,000000,Baghty
13,NAGALAND,264,Wokha,01783,Baghty,267459,Upper Baghty
13,NAGALAND,264,Wokha,01783,Baghty,267460,Makharong
13,NAGALAND,264,Wokha,01783,Baghty,267461,Baghty Hq
13,NAGALAND,264,Wokha,01783,Baghty,267462,Soku
13,NAGALAND,264,Wokha,01784,Sungro,000000,Sungro
13,NAGALAND,264,Wokha,01784,Sungro,267463,Okotso
13,NAGALAND,264,Wokha,01784,Sungro,267464,Asha
13,NAGALAND,264,Wokha,01784,Sungro,267465,Sungro Station
13,NAGALAND,264,Wokha,01784,Sungro,267466,Okotso Yanthanro (UR)
13,NAGALAND,264,Wokha,01784,Sungro,267467,Pangti
13,NAGALAND,264,Wokha,01784,Sungro,267468,Aree (New)
13,NAGALAND,264,Wokha,01784,Sungro,267469,Mhayan (UR)
13,NAGALAND,264,Wokha,01784,Sungro,267470,Aree (Old)
13,NAGALAND,264,Wokha,01785,Sanis,000000,Sanis
13,NAGALAND,264,Wokha,01785,Sanis,267471,Sunglup
13,NAGALAND,264,Wokha,01785,Sanis,267472,Yonchicho
13,NAGALAND,264,Wokha,01785,Sanis,267473,Doyang Hydro Right Bank (North wing)
13,NAGALAND,264,Wokha,01785,Sanis,267474,Sanis Vill
13,NAGALAND,264,Wokha,01785,Sanis,267475,Menshangpen
13,NAGALAND,264,Wokha,01785,Sanis,267476,Sanis Hq
13,NAGALAND,264,Wokha,01785,Sanis,267477,Tsopo
13,NAGALAND,264,Wokha,01785,Sanis,267478,Chudi
13,NAGALAND,264,Wokha,01786,Lotsu,000000,Lotsu
13,NAGALAND,264,Wokha,01786,Lotsu,267479,Sheru-Echuk
13,NAGALAND,264,Wokha,01786,Lotsu,267480,Longtsung
13,NAGALAND,264,Wokha,01786,Lotsu,267481,Morakjo
13,NAGALAND,264,Wokha,01786,Lotsu,267482,Lotsu Vill.
13,NAGALAND,264,Wokha,01786,Lotsu,267483,Lotsu Hq
13,NAGALAND,264,Wokha,01786,Lotsu,267484,Pyangsa
13,NAGALAND,264,Wokha,01786,Lotsu,267485,Moilan
13,NAGALAND,264,Wokha,01786,Lotsu,267486,Pyotchu
13,NAGALAND,264,Wokha,01787,Ralan,000000,Ralan
13,NAGALAND,264,Wokha,01787,Ralan,267487,Liphayan
13,NAGALAND,264,Wokha,01787,Ralan,267488,Tchuchanphen
13,NAGALAND,264,Wokha,01787,Ralan,267489,S.Wochan
13,NAGALAND,264,Wokha,01787,Ralan,267490,Yanlum
13,NAGALAND,264,Wokha,01787,Ralan,267491,Soshan
13,NAGALAND,264,Wokha,01787,Ralan,267492,Wochan
13,NAGALAND,264,Wokha,01787,Ralan,267493,Chandalashung (New)
13,NAGALAND,264,Wokha,01787,Ralan,267494,Lishayan
13,NAGALAND,264,Wokha,01787,Ralan,267495,Chandalashung 'B'
13,NAGALAND,264,Wokha,01787,Ralan,267496,Chandalashung (Old)
13,NAGALAND,264,Wokha,01787,Ralan,267497,Woroku
13,NAGALAND,264,Wokha,01787,Ralan,267498,Ronsuyan
13,NAGALAND,264,Wokha,01787,Ralan,267499,Yampha
13,NAGALAND,264,Wokha,01787,Ralan,267500,Ralan (Old)
13,NAGALAND,264,Wokha,01787,Ralan,267501,Likayan (UR)
13,NAGALAND,264,Wokha,01787,Ralan,267502,Ralan Hq
13,NAGALAND,264,Wokha,01787,Ralan,267503,Ralan (New)
13,NAGALAND,264,Wokha,01788,Wozhuro,000000,Wozhuro
13,NAGALAND,264,Wokha,01788,Wozhuro,267504,Phiro
13,NAGALAND,264,Wokha,01788,Wozhuro,267505,Totsu
13,NAGALAND,264,Wokha,01788,Wozhuro,267506,Shaki
13,NAGALAND,264,Wokha,01788,Wozhuro,267507,Sankiton
13,NAGALAND,264,Wokha,01788,Wozhuro,267508,Hanku
13,NAGALAND,264,Wokha,01788,Wozhuro,267509,N.Longchum
13,NAGALAND,264,Wokha,01788,Wozhuro,267510,Yankeli
13,NAGALAND,264,Wokha,01788,Wozhuro,267511,Meriyan
13,NAGALAND,264,Wokha,01788,Wozhuro,267512,Wozhuro Hq
13,NAGALAND,264,Wokha,01788,Wozhuro,267513,L. Yanthung (UR)
13,NAGALAND,264,Wokha,01789,Wokha Sadar,000000,Wokha Sadar
13,NAGALAND,264,Wokha,01789,Wokha Sadar,267514,Doyang Hydro left Bank (South Wing)
13,NAGALAND,264,Wokha,01789,Wokha Sadar,267515,Vankhosung
13,NAGALAND,264,Wokha,01789,Wokha Sadar,267516,Wokha Vill.
13,NAGALAND,264,Wokha,01789,Wokha Sadar,267517,New Wokha
13,NAGALAND,264,Wokha,01789,Wokha Sadar,267518,Elumyo
13,NAGALAND,264,Wokha,01789,Wokha Sadar,267519,Humtso
13,NAGALAND,264,Wokha,01789,Wokha Sadar,267520,Tsungza
13,NAGALAND,264,Wokha,01789,Wokha Sadar,267521,Pongitong
13,NAGALAND,264,Wokha,01789,Wokha Sadar,267522,Ekok-Ju (UR)
13,NAGALAND,264,Wokha,01789,Wokha Sadar,267523,Longsa
13,NAGALAND,264,Wokha,01789,Wokha Sadar,267524,Niroyo
13,NAGALAND,264,Wokha,01789,Wokha Sadar,267525,Nyiro Comp.
13,NAGALAND,264,Wokha,01789,Wokha Sadar,267526,Yanthamo
13,NAGALAND,264,Wokha,01789,Wokha Sadar,267527,Yimkha
13,NAGALAND,264,Wokha,01789,Wokha Sadar,267528,Longla
13,NAGALAND,264,Wokha,01789,Wokha Sadar,267529,Longsachung
13,NAGALAND,264,Wokha,01789,Wokha Sadar,267530,Satsuphen (UR)
13,NAGALAND,264,Wokha,01789,Wokha Sadar,267531,Tsungtsutong (UR)
13,NAGALAND,264,Wokha,01789,Wokha Sadar,267532,Okhyeyan
13,NAGALAND,264,Wokha,01789,Wokha Sadar,267533,N.Longidang
13,NAGALAND,264,Wokha,01789,Wokha Sadar,267534,Ruzumphen (UR)
13,NAGALAND,264,Wokha,01790,Englan,000000,Englan
13,NAGALAND,264,Wokha,01790,Englan,267535,Doyang Hydro left Bank (South Wing)
13,NAGALAND,264,Wokha,01790,Englan,267536,Changsu (Old)
13,NAGALAND,264,Wokha,01790,Englan,267537,Changsu (New)
13,NAGALAND,264,Wokha,01790,Englan,267538,Ekhyoyan (UR)
13,NAGALAND,264,Wokha,01790,Englan,267539,Thillong (UR)
13,NAGALAND,264,Wokha,01790,Englan,267540,Riphyim (New)
13,NAGALAND,264,Wokha,01790,Englan,267541,Riphyim (Old)
13,NAGALAND,264,Wokha,01790,Englan,267542,Englan Comp
13,NAGALAND,264,Wokha,01790,Englan,267543,Englan Hq
13,NAGALAND,264,Wokha,01790,Englan,267544,Yikhum
13,NAGALAND,264,Wokha,01791,Chukitong,000000,Chukitong
13,NAGALAND,264,Wokha,01791,Chukitong,267545,Nungying
13,NAGALAND,264,Wokha,01791,Chukitong,267546,Koio
13,NAGALAND,264,Wokha,01791,Chukitong,267547,Seluku
13,NAGALAND,264,Wokha,01791,Chukitong,267548,Chukitong
13,NAGALAND,264,Wokha,01791,Chukitong,267549,Thenyayan (UR)
13,NAGALAND,264,Wokha,01791,Chukitong,267550,Tsungiki
13,NAGALAND,264,Wokha,01791,Chukitong,267551,Mungya
13,NAGALAND,265,Dimapur ,00000,Dimapur ,000000,Dimapur 
13,NAGALAND,265,Dimapur ,01792,Niuland,000000,Niuland
13,NAGALAND,265,Dimapur ,01792,Niuland,267552,Akito
13,NAGALAND,265,Dimapur ,01792,Niuland,267553,Hejeto
13,NAGALAND,265,Dimapur ,01792,Niuland,267554,Henito
13,NAGALAND,265,Dimapur ,01792,Niuland,267555,Hovukhu
13,NAGALAND,265,Dimapur ,01792,Niuland,267556,Khaghaboto
13,NAGALAND,265,Dimapur ,01792,Niuland,267557,Hevishe
13,NAGALAND,265,Dimapur ,01792,Niuland,267558,Yehokhu
13,NAGALAND,265,Dimapur ,01792,Niuland,267559,Vishiyi
13,NAGALAND,265,Dimapur ,01792,Niuland,267560,Shitoi
13,NAGALAND,265,Dimapur ,01792,Niuland,267561,Phuhoto
13,NAGALAND,265,Dimapur ,01792,Niuland,267562,Zuheshe
13,NAGALAND,265,Dimapur ,01792,Niuland,267563,Hezulho
13,NAGALAND,265,Dimapur ,01792,Niuland,267564,Ghotovi
13,NAGALAND,265,Dimapur ,01792,Niuland,267565,Viyito
13,NAGALAND,265,Dimapur ,01792,Niuland,267566,Sahoi
13,NAGALAND,265,Dimapur ,01792,Niuland,267567,Sunito
13,NAGALAND,265,Dimapur ,01792,Niuland,267568,Kiyelho
13,NAGALAND,265,Dimapur ,01792,Niuland,267569,Xukiye
13,NAGALAND,265,Dimapur ,01792,Niuland,267570,Hovishe
13,NAGALAND,265,Dimapur ,01792,Niuland,267571,Ghonivi
13,NAGALAND,265,Dimapur ,01792,Niuland,267572,Lukuto
13,NAGALAND,265,Dimapur ,01792,Niuland,267573,Pishikhu
13,NAGALAND,265,Dimapur ,01792,Niuland,267574,Zukihe
13,NAGALAND,265,Dimapur ,01792,Niuland,267575,Itovi
13,NAGALAND,265,Dimapur ,01792,Niuland,267576,Kiyezhu 'A'
13,NAGALAND,265,Dimapur ,01792,Niuland,267577,Kiyezhu 'B'
13,NAGALAND,265,Dimapur ,01792,Niuland,267578,Heviqhe
13,NAGALAND,265,Dimapur ,01792,Niuland,267579,Hakhezhe
13,NAGALAND,265,Dimapur ,01792,Niuland,267580,Yeveto
13,NAGALAND,265,Dimapur ,01792,Niuland,267581,Hetoi
13,NAGALAND,265,Dimapur ,01792,Niuland,267582,Niuland
13,NAGALAND,265,Dimapur ,01792,Niuland,267583,Kuhoxu
13,NAGALAND,265,Dimapur ,01793,Aquqhnaqua,000000,Aquqhnaqua
13,NAGALAND,265,Dimapur ,01793,Aquqhnaqua,267584,Khutovi
13,NAGALAND,265,Dimapur ,01793,Aquqhnaqua,267585,Izhevi
13,NAGALAND,265,Dimapur ,01793,Aquqhnaqua,267586,Zutoi
13,NAGALAND,265,Dimapur ,01793,Aquqhnaqua,267587,R.Hovishe
13,NAGALAND,265,Dimapur ,01793,Aquqhnaqua,267588,Tohokhu
13,NAGALAND,265,Dimapur ,01793,Aquqhnaqua,267589,Xukhuvi
13,NAGALAND,265,Dimapur ,01793,Aquqhnaqua,267590,Luhevi
13,NAGALAND,265,Dimapur ,01793,Aquqhnaqua,267591,P.Vihoto
13,NAGALAND,265,Dimapur ,01793,Aquqhnaqua,267592,Vikheto
13,NAGALAND,265,Dimapur ,01793,Aquqhnaqua,267593,Nikihe
13,NAGALAND,265,Dimapur ,01793,Aquqhnaqua,267594,Jekishe
13,NAGALAND,265,Dimapur ,01793,Aquqhnaqua,267595,Tokishe
13,NAGALAND,265,Dimapur ,01793,Aquqhnaqua,267596,Nguvihe
13,NAGALAND,265,Dimapur ,01793,Aquqhnaqua,267597,Yetoho
13,NAGALAND,265,Dimapur ,01793,Aquqhnaqua,267598,L.Vihoto
13,NAGALAND,265,Dimapur ,01793,Aquqhnaqua,267599,Shiwoto
13,NAGALAND,265,Dimapur ,01793,Aquqhnaqua,267600,Luhezhe
13,NAGALAND,265,Dimapur ,01793,Aquqhnaqua,267601,Zhexuche
13,NAGALAND,265,Dimapur ,01793,Aquqhnaqua,267602,Shokhevi
13,NAGALAND,265,Dimapur ,01793,Aquqhnaqua,267603,Qhuhoi
13,NAGALAND,265,Dimapur ,01793,Aquqhnaqua,267604,Tohoi
13,NAGALAND,265,Dimapur ,01793,Aquqhnaqua,267605,Mughavi
13,NAGALAND,265,Dimapur ,01793,Aquqhnaqua,267606,Hukhai
13,NAGALAND,265,Dimapur ,01793,Aquqhnaqua,267607,Nizheto (UR)
13,NAGALAND,265,Dimapur ,01793,Aquqhnaqua,267608,Aghunaqa
13,NAGALAND,265,Dimapur ,01793,Aquqhnaqua,267609,Kikheye
13,NAGALAND,265,Dimapur ,01793,Aquqhnaqua,267610,Hozheto
13,NAGALAND,265,Dimapur ,01793,Aquqhnaqua,267611,Husto
13,NAGALAND,265,Dimapur ,01793,Aquqhnaqua,267612,Pihekhu
13,NAGALAND,265,Dimapur ,01793,Aquqhnaqua,267613,Aoyimchen
13,NAGALAND,265,Dimapur ,01793,Aquqhnaqua,267614,Ahoto
13,NAGALAND,265,Dimapur ,01793,Aquqhnaqua,267615,Nikikhe
13,NAGALAND,265,Dimapur ,01793,Aquqhnaqua,267616,Khehuto
13,NAGALAND,265,Dimapur ,01793,Aquqhnaqua,267617,Ngamjalan
13,NAGALAND,265,Dimapur ,01793,Aquqhnaqua,267618,Homeland
13,NAGALAND,265,Dimapur ,01793,Aquqhnaqua,267619,Zaka Station
13,NAGALAND,265,Dimapur ,01793,Aquqhnaqua,267620,Hevuxu
13,NAGALAND,265,Dimapur ,01793,Aquqhnaqua,267621,Ghosito
13,NAGALAND,265,Dimapur ,01793,Aquqhnaqua,267622,Nitozu
13,NAGALAND,265,Dimapur ,01794,Kuhoboto,000000,Kuhoboto
13,NAGALAND,265,Dimapur ,01794,Kuhoboto,267623,Tokugha
13,NAGALAND,265,Dimapur ,01794,Kuhoboto,267624,Vikuho
13,NAGALAND,265,Dimapur ,01794,Kuhoboto,267625,Luzheto
13,NAGALAND,265,Dimapur ,01794,Kuhoboto,267626,Hukato
13,NAGALAND,265,Dimapur ,01794,Kuhoboto,267627,Nizhevi
13,NAGALAND,265,Dimapur ,01794,Kuhoboto,267628,Zuvukhu
13,NAGALAND,265,Dimapur ,01794,Kuhoboto,267629,Pukhato
13,NAGALAND,265,Dimapur ,01794,Kuhoboto,267630,S.Hotovi
13,NAGALAND,265,Dimapur ,01794,Kuhoboto,267631,Ahozhe
13,NAGALAND,265,Dimapur ,01794,Kuhoboto,267632,Lotovi
13,NAGALAND,265,Dimapur ,01794,Kuhoboto,267633,Kughato (UR)
13,NAGALAND,265,Dimapur ,01794,Kuhoboto,267634,Kuhuboto
13,NAGALAND,265,Dimapur ,01794,Kuhoboto,267635,Ghokito
13,NAGALAND,265,Dimapur ,01794,Kuhoboto,267636,Suhoi
13,NAGALAND,265,Dimapur ,01794,Kuhoboto,267637,Henivi
13,NAGALAND,265,Dimapur ,01794,Kuhoboto,267638,Khughovi
13,NAGALAND,265,Dimapur ,01794,Kuhoboto,267639,Hoito
13,NAGALAND,265,Dimapur ,01794,Kuhoboto,267640,Xekiye
13,NAGALAND,265,Dimapur ,01794,Kuhoboto,267641,Khehokhu
13,NAGALAND,265,Dimapur ,01794,Kuhoboto,267642,Nihoto
13,NAGALAND,265,Dimapur ,01794,Kuhoboto,267643,Showuba (Old)
13,NAGALAND,265,Dimapur ,01794,Kuhoboto,267644,Xelhoshe
13,NAGALAND,265,Dimapur ,01794,Kuhoboto,267645,Vihokhu
13,NAGALAND,265,Dimapur ,01795,Nihokhu,000000,Nihokhu
13,NAGALAND,265,Dimapur ,01795,Nihokhu,267646,Hozhukhe
13,NAGALAND,265,Dimapur ,01795,Nihokhu,267647,Sukhato
13,NAGALAND,265,Dimapur ,01795,Nihokhu,267648,Nikhekhu
13,NAGALAND,265,Dimapur ,01795,Nihokhu,267649,Nihokhu
13,NAGALAND,265,Dimapur ,01795,Nihokhu,267650,Toshiho
13,NAGALAND,265,Dimapur ,01795,Nihokhu,267651,Hokhezhe
13,NAGALAND,265,Dimapur ,01795,Nihokhu,267652,Khehoyi
13,NAGALAND,265,Dimapur ,01795,Nihokhu,267653,Ghokuto
13,NAGALAND,265,Dimapur ,01795,Nihokhu,267654,New Showuba
13,NAGALAND,265,Dimapur ,01795,Nihokhu,267655,S.Hetoi
13,NAGALAND,265,Dimapur ,01796,Dimapur Sadar,000000,Dimapur Sadar
13,NAGALAND,265,Dimapur ,01796,Dimapur Sadar,267656,Kacharigaon (Phevima)
13,NAGALAND,265,Dimapur ,01796,Dimapur Sadar,267657,Kashiram
13,NAGALAND,265,Dimapur ,01796,Dimapur Sadar,267658,Kashiram Ao
13,NAGALAND,265,Dimapur ,01796,Dimapur Sadar,267659,Industrial Vill. (Razhuphe)
13,NAGALAND,265,Dimapur ,01796,Dimapur Sadar,267660,Phaipijang
13,NAGALAND,265,Dimapur ,01796,Dimapur Sadar,267661,Signal Angami
13,NAGALAND,265,Dimapur ,01796,Dimapur Sadar,267662,Thahekhu
13,NAGALAND,265,Dimapur ,01796,Dimapur Sadar,267663,Senjum
13,NAGALAND,265,Dimapur ,01796,Dimapur Sadar,267664,Aoyimkum
13,NAGALAND,265,Dimapur ,01796,Dimapur Sadar,267665,Dikoi
13,NAGALAND,265,Dimapur ,01796,Dimapur Sadar,267666,Sangtamtilla
13,NAGALAND,265,Dimapur ,01796,Dimapur Sadar,267667,Kuda  (CT)
13,NAGALAND,265,Dimapur ,01796,Dimapur Sadar,267668,Rangapahar (CT)
13,NAGALAND,265,Dimapur ,01797,Chumukedima,000000,Chumukedima
13,NAGALAND,265,Dimapur ,01797,Chumukedima,267669,Aoyim
13,NAGALAND,265,Dimapur ,01797,Chumukedima,267670,Shozukhu
13,NAGALAND,265,Dimapur ,01797,Chumukedima,267671,L. Hotovi
13,NAGALAND,265,Dimapur ,01797,Chumukedima,267672,Domukhia
13,NAGALAND,265,Dimapur ,01797,Chumukedima,267673,Khushiabill
13,NAGALAND,265,Dimapur ,01797,Chumukedima,267674,Bamunpukhuri 'B'
13,NAGALAND,265,Dimapur ,01797,Chumukedima,267675,Bamunpukhuri 'A'
13,NAGALAND,265,Dimapur ,01797,Chumukedima,267676,Vipon
13,NAGALAND,265,Dimapur ,01797,Chumukedima,267677,Darogajan
13,NAGALAND,265,Dimapur ,01797,Chumukedima,267678,Doshehe
13,NAGALAND,265,Dimapur ,01797,Chumukedima,267679,Zani
13,NAGALAND,265,Dimapur ,01797,Chumukedima,267680,Samaguri
13,NAGALAND,265,Dimapur ,01797,Chumukedima,267681,Puranabazar 'B'
13,NAGALAND,265,Dimapur ,01797,Chumukedima,267682,Toluvi
13,NAGALAND,265,Dimapur ,01797,Chumukedima,267683,Naharbari
13,NAGALAND,265,Dimapur ,01797,Chumukedima,267684,Padampukhuri
13,NAGALAND,265,Dimapur ,01797,Chumukedima,267685,Dubagaon
13,NAGALAND,265,Dimapur ,01797,Chumukedima,267686,Eralibill
13,NAGALAND,265,Dimapur ,01797,Chumukedima,267687,Ekrani Pathar
13,NAGALAND,265,Dimapur ,01797,Chumukedima,267688,Aoyimti
13,NAGALAND,265,Dimapur ,01797,Chumukedima,267689,Darogapathar
13,NAGALAND,265,Dimapur ,01797,Chumukedima,267690,Thilixu
13,NAGALAND,265,Dimapur ,01797,Chumukedima,267691,J.V.Perhereilie
13,NAGALAND,265,Dimapur ,01797,Chumukedima,267692,Kirha (UR)
13,NAGALAND,265,Dimapur ,01797,Chumukedima,267693,Chekiye
13,NAGALAND,265,Dimapur ,01797,Chumukedima,267694,Diphupar 'B'
13,NAGALAND,265,Dimapur ,01797,Chumukedima,267695,5Th Mile Model
13,NAGALAND,265,Dimapur ,01797,Chumukedima,267696,Tseithrongse
13,NAGALAND,265,Dimapur ,01797,Chumukedima,267697,Bade
13,NAGALAND,265,Dimapur ,01797,Chumukedima,267698,Urra
13,NAGALAND,265,Dimapur ,01797,Chumukedima,267699,Diezephe
13,NAGALAND,265,Dimapur ,01797,Chumukedima,267700,Khuovaru
13,NAGALAND,265,Dimapur ,01797,Chumukedima,267701,Singrijan
13,NAGALAND,265,Dimapur ,01797,Chumukedima,267702,Murise
13,NAGALAND,265,Dimapur ,01797,Chumukedima,267703,Sugarmill Area
13,NAGALAND,265,Dimapur ,01797,Chumukedima,267704,Sovima
13,NAGALAND,265,Dimapur ,01797,Chumukedima,267705,Naga United Vill.
13,NAGALAND,265,Dimapur ,01797,Chumukedima,267706,Vidima
13,NAGALAND,265,Dimapur ,01797,Chumukedima,267707,Khriezephe
13,NAGALAND,265,Dimapur ,01797,Chumukedima,267708,Sodzulhou
13,NAGALAND,265,Dimapur ,01797,Chumukedima,267709,7th Mile Vill.
13,NAGALAND,265,Dimapur ,01797,Chumukedima,267710,Seithekema (New)
13,NAGALAND,265,Dimapur ,01797,Chumukedima,267711,7th Mile Model
13,NAGALAND,265,Dimapur ,01797,Chumukedima,267712,Tenyiphe I
13,NAGALAND,265,Dimapur ,01797,Chumukedima,267713,Tenyiphe II
13,NAGALAND,265,Dimapur ,01797,Chumukedima,267714,Tenyiphe III (Virazouma)
13,NAGALAND,265,Dimapur ,01797,Chumukedima,267715,Seithekema 'A'
13,NAGALAND,265,Dimapur ,01797,Chumukedima,267716,Seithekema (Old)
13,NAGALAND,265,Dimapur ,01797,Chumukedima,267717,Seithekema 'C'
13,NAGALAND,265,Dimapur ,01797,Chumukedima,267718,Chumoukedima Vill.
13,NAGALAND,265,Dimapur ,01797,Chumukedima,267719,L. Hetoi
13,NAGALAND,265,Dimapur ,01797,Chumukedima,267720,Shokhuvi
13,NAGALAND,265,Dimapur ,01797,Chumukedima,267721,K. Hetoi
13,NAGALAND,265,Dimapur ,01797,Chumukedima,267722,Puranabazar 'A' (CT)
13,NAGALAND,265,Dimapur ,01797,Chumukedima,267723,Diphupar 'A' (CT)
13,NAGALAND,265,Dimapur ,01798,Dhansiripar,000000,Dhansiripar
13,NAGALAND,265,Dimapur ,01798,Dhansiripar,267724,Dhansiripar Vill.
13,NAGALAND,265,Dimapur ,01798,Dhansiripar,267725,Dhansiripar Hq
13,NAGALAND,265,Dimapur ,01798,Dhansiripar,267726,Razhaphe
13,NAGALAND,265,Dimapur ,01798,Dhansiripar,267727,Kiyeto
13,NAGALAND,265,Dimapur ,01798,Dhansiripar,267728,Shitovi
13,NAGALAND,265,Dimapur ,01798,Dhansiripar,267729,Disagaphu
13,NAGALAND,265,Dimapur ,01798,Dhansiripar,267730,Razhaphe Basa
13,NAGALAND,265,Dimapur ,01798,Dhansiripar,267731,Ganesnagar
13,NAGALAND,265,Dimapur ,01798,Dhansiripar,267732,Doyapur Vill.
13,NAGALAND,265,Dimapur ,01798,Dhansiripar,267733,Amaluma
13,NAGALAND,265,Dimapur ,01798,Dhansiripar,267734,Khekiho
13,NAGALAND,265,Dimapur ,01798,Dhansiripar,267735,Hazadisa
13,NAGALAND,265,Dimapur ,01798,Dhansiripar,267736,Lothavi
13,NAGALAND,265,Dimapur ,01798,Dhansiripar,267737,K.Hetoi (UR)
13,NAGALAND,265,Dimapur ,01798,Dhansiripar,267738,Pimla
13,NAGALAND,265,Dimapur ,01798,Dhansiripar,267739,Kiyevi 'B' (Khehoi) (UR)
13,NAGALAND,265,Dimapur ,01798,Dhansiripar,267740,Nihoi (UR)
13,NAGALAND,265,Dimapur ,01798,Dhansiripar,267741,Vihoto (UR)
13,NAGALAND,265,Dimapur ,01798,Dhansiripar,267742,Phushito (UR)
13,NAGALAND,265,Dimapur ,01798,Dhansiripar,267743,Zutovi
13,NAGALAND,265,Dimapur ,01798,Dhansiripar,267744,Manglamukh
13,NAGALAND,265,Dimapur ,01798,Dhansiripar,267745,Daniel
13,NAGALAND,265,Dimapur ,01798,Dhansiripar,267746,Toshizu
13,NAGALAND,265,Dimapur ,01798,Dhansiripar,267747,Kakiho (UR)
13,NAGALAND,265,Dimapur ,01798,Dhansiripar,267748,Ghowoto
13,NAGALAND,265,Dimapur ,01798,Dhansiripar,267749,Shikuto (UR)
13,NAGALAND,265,Dimapur ,01798,Dhansiripar,267750,A.K. Industrial (UR)
13,NAGALAND,265,Dimapur ,01798,Dhansiripar,267751,Shikavi
13,NAGALAND,265,Dimapur ,01798,Dhansiripar,267752,Ahoi (UR)
13,NAGALAND,265,Dimapur ,01798,Dhansiripar,267753,K. Xekiye
13,NAGALAND,265,Dimapur ,01798,Dhansiripar,267754,Pukhaho (UR)
13,NAGALAND,265,Dimapur ,01798,Dhansiripar,267755,Shikato (UR)
13,NAGALAND,265,Dimapur ,01798,Dhansiripar,267756,Kiyevi 
13,NAGALAND,265,Dimapur ,01799,Medziphema,000000,Medziphema
13,NAGALAND,265,Dimapur ,01799,Medziphema,267757,Tsiepama
13,NAGALAND,265,Dimapur ,01799,Medziphema,267758,Pherima Vill.
13,NAGALAND,265,Dimapur ,01799,Medziphema,267759,New Chumukedima
13,NAGALAND,265,Dimapur ,01799,Medziphema,267760,Khuokhidolong
13,NAGALAND,265,Dimapur ,01799,Medziphema,267761,Medziphema
13,NAGALAND,265,Dimapur ,01799,Medziphema,267762,Pherima
13,NAGALAND,265,Dimapur ,01799,Medziphema,267763,Khamkaria
13,NAGALAND,265,Dimapur ,01799,Medziphema,267764,Khanakhuru
13,NAGALAND,265,Dimapur ,01799,Medziphema,267765,Piphema 'A'
13,NAGALAND,265,Dimapur ,01799,Medziphema,267766,Piphema (Old)
13,NAGALAND,265,Dimapur ,01799,Medziphema,267767,Piphema (New)
13,NAGALAND,265,Dimapur ,01799,Medziphema,267768,Seirhima
13,NAGALAND,265,Dimapur ,01799,Medziphema,267769,Molvom
13,NAGALAND,265,Dimapur ,01799,Medziphema,267770,Bungsang
13,NAGALAND,265,Dimapur ,01799,Medziphema,267771,Ruzaphema
13,NAGALAND,265,Dimapur ,01799,Medziphema,267772,Socunoma
13,NAGALAND,265,Dimapur ,01799,Medziphema,267773,Khaibung
13,NAGALAND,265,Dimapur ,01799,Medziphema,267774,Moava
13,NAGALAND,265,Dimapur ,01799,Medziphema,267775,Zhuikhu 'A'
13,NAGALAND,265,Dimapur ,01799,Medziphema,267776,Hekheshe
13,NAGALAND,265,Dimapur ,01799,Medziphema,267777,Tsuuma
13,NAGALAND,266,Phek,00000,Phek,000000,Phek
13,NAGALAND,266,Phek,01800,Sekruzu,000000,Sekruzu
13,NAGALAND,266,Phek,01800,Sekruzu,267778,Dzulhami
13,NAGALAND,266,Phek,01800,Sekruzu,267779,Therhutsesemi
13,NAGALAND,266,Phek,01800,Sekruzu,267780,Khutsami
13,NAGALAND,266,Phek,01800,Sekruzu,267781,Phugwi
13,NAGALAND,266,Phek,01800,Sekruzu,267782,Sekrezu
13,NAGALAND,266,Phek,01800,Sekruzu,267783,New Ruzazho
13,NAGALAND,266,Phek,01800,Sekruzu,267784,Suthazu Nasa
13,NAGALAND,266,Phek,01800,Sekruzu,267785,Suthazu Nawe
13,NAGALAND,266,Phek,01800,Sekruzu,267786,Ruzazho
13,NAGALAND,266,Phek,01801,Phek Sadar,000000,Phek Sadar
13,NAGALAND,266,Phek,01801,Phek Sadar,267787,Ketsapo
13,NAGALAND,266,Phek,01801,Phek Sadar,267788,Satheri
13,NAGALAND,266,Phek,01801,Phek Sadar,267789,Sohomi
13,NAGALAND,266,Phek,01801,Phek Sadar,267790,Kotisu
13,NAGALAND,266,Phek,01801,Phek Sadar,267791,Kizari
13,NAGALAND,266,Phek,01801,Phek Sadar,267792,Tezatse
13,NAGALAND,266,Phek,01801,Phek Sadar,267793,Phek Basa
13,NAGALAND,266,Phek,01801,Phek Sadar,267794,Chosaba
13,NAGALAND,266,Phek,01801,Phek Sadar,267795,Surhoba
13,NAGALAND,266,Phek,01801,Phek Sadar,267796,Phek Old Town
13,NAGALAND,266,Phek,01801,Phek Sadar,267797,Phek Village
13,NAGALAND,266,Phek,01801,Phek Sadar,267798,Losami
13,NAGALAND,266,Phek,01801,Phek Sadar,267799,Losami Junction (UR)
13,NAGALAND,266,Phek,01801,Phek Sadar,267800,Lozaphuhu
13,NAGALAND,266,Phek,01801,Phek Sadar,267801,Lanyezho (Lanye) (UR)
13,NAGALAND,266,Phek,01802,Khuza,000000,Khuza
13,NAGALAND,266,Phek,01802,Khuza,267802,Suthotsu
13,NAGALAND,266,Phek,01802,Khuza,267803,Chiepoketa
13,NAGALAND,266,Phek,01802,Khuza,267804,Metsale
13,NAGALAND,266,Phek,01802,Khuza,267805,Khuza Village
13,NAGALAND,266,Phek,01802,Khuza,267806,Khuza Hq
13,NAGALAND,266,Phek,01802,Khuza,267807,Tehephu
13,NAGALAND,266,Phek,01802,Khuza,267808,Khutsokhuno
13,NAGALAND,266,Phek,01803,Meluri,000000,Meluri
13,NAGALAND,266,Phek,01803,Meluri,267809,New Akhegwo
13,NAGALAND,266,Phek,01803,Meluri,267810,Akhegwo
13,NAGALAND,266,Phek,01803,Meluri,267811,Akhegwo Junction (UR)
13,NAGALAND,266,Phek,01803,Meluri,267812,Kukhegwo
13,NAGALAND,266,Phek,01803,Meluri,267813,Meluri Hq
13,NAGALAND,266,Phek,01803,Meluri,267814,Meluri Village
13,NAGALAND,266,Phek,01803,Meluri,267815,Khumiasu
13,NAGALAND,266,Phek,01803,Meluri,267816,Lephori
13,NAGALAND,266,Phek,01803,Meluri,267817,Matikhru
13,NAGALAND,266,Phek,01803,Meluri,267818,Mollen
13,NAGALAND,266,Phek,01803,Meluri,267819,Kanjang
13,NAGALAND,266,Phek,01803,Meluri,267820,Reguri
13,NAGALAND,266,Phek,01803,Meluri,267821,Akhen
13,NAGALAND,266,Phek,01804,Phor,000000,Phor
13,NAGALAND,266,Phek,01804,Phor,267822,New Phor
13,NAGALAND,266,Phek,01804,Phor,267823,Phor
13,NAGALAND,266,Phek,01804,Phor,267824,Wuzu
13,NAGALAND,266,Phek,01804,Phor,267825,Yesi
13,NAGALAND,266,Phek,01804,Phor,267826,Hutsu
13,NAGALAND,266,Phek,01804,Phor,267827,Kuzatu
13,NAGALAND,266,Phek,01804,Phor,267828,Satuza
13,NAGALAND,266,Phek,01804,Phor,267829,Yesisotha Centre (UR)
13,NAGALAND,266,Phek,01804,Phor,267830,Weziho
13,NAGALAND,266,Phek,01804,Phor,267831,Weziho Town
13,NAGALAND,266,Phek,01805,Phokhungri,000000,Phokhungri
13,NAGALAND,266,Phek,01805,Phokhungri,267832,Sutsu
13,NAGALAND,266,Phek,01805,Phokhungri,267833,Laruri
13,NAGALAND,266,Phek,01805,Phokhungri,267834,Mokie
13,NAGALAND,266,Phek,01805,Phokhungri,267835,Phokhungri Vill.
13,NAGALAND,266,Phek,01805,Phokhungri,267836,Phokhungri Hq
13,NAGALAND,266,Phek,01805,Phokhungri,267837,Zipu
13,NAGALAND,266,Phek,01805,Phokhungri,267838,Letsam
13,NAGALAND,266,Phek,01805,Phokhungri,267839,Avankhu
13,NAGALAND,266,Phek,01805,Phokhungri,267840,Old Thewati
13,NAGALAND,266,Phek,01805,Phokhungri,267841,Washelo
13,NAGALAND,266,Phek,01805,Phokhungri,267842,New Thewati
13,NAGALAND,266,Phek,01806,Chozuba,000000,Chozuba
13,NAGALAND,266,Phek,01806,Chozuba,267843,Yoruba
13,NAGALAND,266,Phek,01806,Chozuba,267844,Chozuba Hq
13,NAGALAND,266,Phek,01806,Chozuba,267845,Chozubasa (UR)
13,NAGALAND,266,Phek,01806,Chozuba,267846,Khesomi
13,NAGALAND,266,Phek,01806,Chozuba,267847,Chozuba Vill.
13,NAGALAND,266,Phek,01806,Chozuba,267848,Thevopisu
13,NAGALAND,266,Phek,01806,Chozuba,267849,Runguzumi Nawe
13,NAGALAND,266,Phek,01806,Chozuba,267850,Runguzumi Nasa
13,NAGALAND,266,Phek,01807,Chetheba,000000,Chetheba
13,NAGALAND,266,Phek,01807,Chetheba,267851,Chesezu Nasa
13,NAGALAND,266,Phek,01807,Chetheba,267852,Chesezumi
13,NAGALAND,266,Phek,01807,Chetheba,267853,Chetheba Hq
13,NAGALAND,266,Phek,01807,Chetheba,267854,Khulazu Basa
13,NAGALAND,266,Phek,01807,Chetheba,267855,Phuyoba
13,NAGALAND,266,Phek,01807,Chetheba,267856,Thenyizumi
13,NAGALAND,266,Phek,01807,Chetheba,267857,Khulazu Bawe
13,NAGALAND,266,Phek,01807,Chetheba,267858,Rihuba
13,NAGALAND,266,Phek,01807,Chetheba,267859,Thipuzu
13,NAGALAND,266,Phek,01808,Sakraba,000000,Sakraba
13,NAGALAND,266,Phek,01808,Sakraba,267860,Upper Khomi
13,NAGALAND,266,Phek,01808,Sakraba,267861,Middle Khomi
13,NAGALAND,266,Phek,01808,Sakraba,267862,Lower Khomi
13,NAGALAND,266,Phek,01808,Sakraba,267863,Pholami (New)
13,NAGALAND,266,Phek,01808,Sakraba,267864,Pholami (Old)
13,NAGALAND,266,Phek,01808,Sakraba,267865,Sakraba Hq
13,NAGALAND,266,Phek,01808,Sakraba,267866,Gidemi (Gozuto)
13,NAGALAND,266,Phek,01808,Sakraba,267867,Wibo (Mithun Research Centre) (UR)
13,NAGALAND,266,Phek,01808,Sakraba,267868,Porba
13,NAGALAND,266,Phek,01808,Sakraba,267869,Sakraba   
13,NAGALAND,266,Phek,01809,Pfutsero,000000,Pfutsero
13,NAGALAND,266,Phek,01809,Pfutsero,267870,Phusachodu
13,NAGALAND,266,Phek,01809,Pfutsero,267871,R.D Block Kikruma (UR)
13,NAGALAND,266,Phek,01809,Pfutsero,267872,Kikruma
13,NAGALAND,266,Phek,01809,Pfutsero,267873,Pfutseromi
13,NAGALAND,266,Phek,01809,Pfutsero,267874,Lekromi
13,NAGALAND,266,Phek,01809,Pfutsero,267875,Kade (UR)
13,NAGALAND,266,Phek,01809,Pfutsero,267876,Kami
13,NAGALAND,266,Phek,01810,Zuketsa,000000,Zuketsa
13,NAGALAND,266,Phek,01810,Zuketsa,267877,Lowuza (UR)
13,NAGALAND,266,Phek,01810,Zuketsa,267878,Leshemi
13,NAGALAND,266,Phek,01810,Zuketsa,267879,Zapami
13,NAGALAND,266,Phek,01810,Zuketsa,267880,Zuketsa
13,NAGALAND,266,Phek,01810,Zuketsa,267881,Lasumi
13,NAGALAND,266,Phek,01811,Khezhakeno,000000,Khezhakeno
13,NAGALAND,266,Phek,01811,Khezhakeno,267882,Khezakeno Hq
13,NAGALAND,266,Phek,01811,Khezhakeno,267883,Khezakeno Village
13,NAGALAND,266,Phek,01812,Chizami,000000,Chizami
13,NAGALAND,266,Phek,01812,Chizami,267884,Sumi (Swemi)
13,NAGALAND,266,Phek,01812,Chizami,267885,Chizami Hq
13,NAGALAND,266,Phek,01812,Chizami,267886,Chizami Vill.
13,NAGALAND,266,Phek,01812,Chizami,267887,Enhulumi
13,NAGALAND,266,Phek,01812,Chizami,267888,Mesulumi
13,NAGALAND,266,Phek,01812,Chizami,267889,Thetsumi
13,NAGALAND,266,Phek,01813,Razieba,000000,Razieba
13,NAGALAND,266,Phek,01813,Razieba,267890,Tsupfume
13,NAGALAND,266,Phek,01813,Razieba,267891,Zelume
13,NAGALAND,266,Phek,01813,Razieba,267892,Razieba Hq
13,NAGALAND,266,Phek,01813,Razieba,267893,Zavachu 
13,NAGALAND,266,Phek,01813,Razieba,267894,Zhavame
13,NAGALAND,267,Tuensang,00000,Tuensang,000000,Tuensang
13,NAGALAND,267,Tuensang,01814,Noksen,000000,Noksen
13,NAGALAND,267,Tuensang,01814,Noksen,267895,Longra 
13,NAGALAND,267,Tuensang,01814,Noksen,267896,Yangpi (Kongsang)
13,NAGALAND,267,Tuensang,01814,Noksen,267897,Noksen Hq
13,NAGALAND,267,Tuensang,01814,Noksen,267898,Litem
13,NAGALAND,267,Tuensang,01814,Noksen,267899,Noksen  Village
13,NAGALAND,267,Tuensang,01814,Noksen,267900,Kumpong
13,NAGALAND,267,Tuensang,01814,Noksen,267901,Yokumsang S/Comp (UR)
13,NAGALAND,267,Tuensang,01814,Noksen,267902,Younyu
13,NAGALAND,267,Tuensang,01814,Noksen,267903,Yimrup
13,NAGALAND,267,Tuensang,01814,Noksen,267904,Sangtak
13,NAGALAND,267,Tuensang,01815,Chare,000000,Chare
13,NAGALAND,267,Tuensang,01815,Chare,267905,Alisopur
13,NAGALAND,267,Tuensang,01815,Chare,267906,JNV School Compound
13,NAGALAND,267,Tuensang,01815,Chare,267907,Chare Hq
13,NAGALAND,267,Tuensang,01815,Chare,267908,Dikhu Village  
13,NAGALAND,267,Tuensang,01815,Chare,267909,Chare Old Town
13,NAGALAND,267,Tuensang,01815,Chare,267910,Tonglongsor
13,NAGALAND,267,Tuensang,01815,Chare,267911,Longkhitpeh
13,NAGALAND,267,Tuensang,01815,Chare,267912,Chare Village
13,NAGALAND,267,Tuensang,01815,Chare,267913,Tronger
13,NAGALAND,267,Tuensang,01815,Chare,267914,Chungliyimti New
13,NAGALAND,267,Tuensang,01815,Chare,267915,Chungliyimti
13,NAGALAND,267,Tuensang,01815,Chare,267916,Longthrox S/Comp.
13,NAGALAND,267,Tuensang,01815,Chare,267917,Old Tsadanger
13,NAGALAND,267,Tuensang,01815,Chare,267918,New Tsadanger
13,NAGALAND,267,Tuensang,01815,Chare,267919,Kiding
13,NAGALAND,267,Tuensang,01816,Longkhim,000000,Longkhim
13,NAGALAND,267,Tuensang,01816,Longkhim,267920,Chimonger
13,NAGALAND,267,Tuensang,01816,Longkhim,267921,Phirahir
13,NAGALAND,267,Tuensang,01816,Longkhim,267922,Chungtore
13,NAGALAND,267,Tuensang,01816,Longkhim,267923,Holongba
13,NAGALAND,267,Tuensang,01816,Longkhim,267924,Old Mangakhi
13,NAGALAND,267,Tuensang,01816,Longkhim,267925,New Mangakhi
13,NAGALAND,267,Tuensang,01816,Longkhim,267926,New Sangsomong
13,NAGALAND,267,Tuensang,01816,Longkhim,267927,Sangsomong
13,NAGALAND,267,Tuensang,01816,Longkhim,267928,Lirise
13,NAGALAND,267,Tuensang,01816,Longkhim,267929,Angangba
13,NAGALAND,267,Tuensang,01816,Longkhim,267930,Longkhim Hq
13,NAGALAND,267,Tuensang,01816,Longkhim,267931,Yangli Mission Centre
13,NAGALAND,267,Tuensang,01817,Tuensang Sadar,000000,Tuensang Sadar
13,NAGALAND,267,Tuensang,01817,Tuensang Sadar,267932,Thimlak Fishery Farm (UR)
13,NAGALAND,267,Tuensang,01817,Tuensang Sadar,267933,Bothanpou
13,NAGALAND,267,Tuensang,01817,Tuensang Sadar,267934,Tuensang Village
13,NAGALAND,267,Tuensang,01817,Tuensang Sadar,267935,Khudei
13,NAGALAND,267,Tuensang,01817,Tuensang Sadar,267936,Helipong Agri-Farm (UR)
13,NAGALAND,267,Tuensang,01817,Tuensang Sadar,267937,Ngangpong
13,NAGALAND,267,Tuensang,01818,Ngoungchung,000000,Ngoungchung
13,NAGALAND,267,Tuensang,01818,Ngoungchung,267938,Yali
13,NAGALAND,267,Tuensang,01818,Ngoungchung,267939,Longtang
13,NAGALAND,267,Tuensang,01818,Ngoungchung,267940,Bhumpak
13,NAGALAND,267,Tuensang,01818,Ngoungchung,267941,Saoshou
13,NAGALAND,267,Tuensang,01818,Ngoungchung,267942,Momching
13,NAGALAND,267,Tuensang,01818,Ngoungchung,267943,Sangchen Compound (UR)
13,NAGALAND,267,Tuensang,01818,Ngoungchung,267944,Lokong
13,NAGALAND,267,Tuensang,01818,Ngoungchung,267945,Ngoungchung Hq.
13,NAGALAND,267,Tuensang,01818,Ngoungchung,267946,Nakshou
13,NAGALAND,267,Tuensang,01818,Ngoungchung,267947,Hak
13,NAGALAND,267,Tuensang,01819,Sangsangnyu,000000,Sangsangnyu
13,NAGALAND,267,Tuensang,01819,Sangsangnyu,267948,Sangsangnyu Hq
13,NAGALAND,267,Tuensang,01819,Sangsangnyu,267949,Keshai (UR)
13,NAGALAND,267,Tuensang,01819,Sangsangnyu,267950,Maksha
13,NAGALAND,267,Tuensang,01819,Sangsangnyu,267951,Hakchang
13,NAGALAND,267,Tuensang,01819,Sangsangnyu,267952,Nyinyem
13,NAGALAND,267,Tuensang,01819,Sangsangnyu,267953,Kejok
13,NAGALAND,267,Tuensang,01819,Sangsangnyu,267954,Konya
13,NAGALAND,267,Tuensang,01819,Sangsangnyu,267955,Chendang 
13,NAGALAND,267,Tuensang,01820,Sotokur,000000,Sotokur
13,NAGALAND,267,Tuensang,01820,Sotokur,267956,Helipong
13,NAGALAND,267,Tuensang,01820,Sotokur,267957,Sipongsang
13,NAGALAND,267,Tuensang,01820,Sotokur,267958,Chingmelen
13,NAGALAND,267,Tuensang,01820,Sotokur,267959,Kuthur
13,NAGALAND,267,Tuensang,01820,Sotokur,267960,Sotokur
13,NAGALAND,267,Tuensang,01820,Sotokur,267961,Longtokur
13,NAGALAND,267,Tuensang,01820,Sotokur,267962,K.Longsore
13,NAGALAND,267,Tuensang,01821,Noklak,000000,Noklak
13,NAGALAND,267,Tuensang,01821,Noklak,267963,Pangsha (New)
13,NAGALAND,267,Tuensang,01821,Noklak,267964,Pangsha (Old)
13,NAGALAND,267,Tuensang,01821,Noklak,267965,Dan
13,NAGALAND,267,Tuensang,01821,Noklak,267966,Wansoi
13,NAGALAND,267,Tuensang,01821,Noklak,267967,Nokyan
13,NAGALAND,267,Tuensang,01821,Noklak,267968,"Nokyan ""B"""
13,NAGALAND,267,Tuensang,01821,Noklak,267969,Noklak Vill.
13,NAGALAND,267,Tuensang,01821,Noklak,267970,Noklak Hq
13,NAGALAND,267,Tuensang,01821,Noklak,267971,Kusong
13,NAGALAND,267,Tuensang,01822,Chingmei,000000,Chingmei
13,NAGALAND,267,Tuensang,01822,Chingmei,267972,Taknyu
13,NAGALAND,267,Tuensang,01822,Chingmei,267973,Yimpang
13,NAGALAND,267,Tuensang,01822,Chingmei,267974,Waoshu
13,NAGALAND,267,Tuensang,01822,Chingmei,267975,Chingmei
13,NAGALAND,267,Tuensang,01822,Chingmei,267976,Chingmei Hq.
13,NAGALAND,267,Tuensang,01822,Chingmei,267977,Chendang Saddle
13,NAGALAND,267,Tuensang,01823,Nokhu,000000,Nokhu
13,NAGALAND,267,Tuensang,01823,Nokhu,267978,Langnok
13,NAGALAND,267,Tuensang,01823,Nokhu,267979,Nokhu Hq.
13,NAGALAND,267,Tuensang,01823,Nokhu,267980,Nokhu
13,NAGALAND,267,Tuensang,01823,Nokhu,267981,Kenking (UR)
13,NAGALAND,267,Tuensang,01823,Nokhu,267982,Aniashu
13,NAGALAND,267,Tuensang,01823,Nokhu,267983,Kingpao
13,NAGALAND,267,Tuensang,01823,Nokhu,267984,Choklangan
13,NAGALAND,267,Tuensang,01824,Panso,000000,Panso
13,NAGALAND,267,Tuensang,01824,Panso,267985,Tsuwao
13,NAGALAND,267,Tuensang,01824,Panso,267986,Yokao
13,NAGALAND,267,Tuensang,01824,Panso,267987,Lengnyu
13,NAGALAND,267,Tuensang,01824,Panso,267988,Lumoking (UR)
13,NAGALAND,267,Tuensang,01824,Panso,267989,Ekhao
13,NAGALAND,267,Tuensang,01824,Panso,267990,Panso Hq
13,NAGALAND,267,Tuensang,01824,Panso,267991,Tsangkoi (UR)
13,NAGALAND,267,Tuensang,01824,Panso,267992,Pathso Nokeng
13,NAGALAND,267,Tuensang,01824,Panso,267993,Pathso
13,NAGALAND,267,Tuensang,01824,Panso,267994,Kingniu
13,NAGALAND,267,Tuensang,01825,Shamator,000000,Shamator
13,NAGALAND,267,Tuensang,01825,Shamator,267995,Yakor
13,NAGALAND,267,Tuensang,01825,Shamator,267996,Kihoto Theological College Campus 
13,NAGALAND,267,Tuensang,01825,Shamator,267997,Sangphur
13,NAGALAND,267,Tuensang,01825,Shamator,267998,Chassir
13,NAGALAND,267,Tuensang,01825,Shamator,267999,Muleangkiur
13,NAGALAND,267,Tuensang,01825,Shamator,268000,Shamator N.A.P Post
13,NAGALAND,267,Tuensang,01825,Shamator,268001,Liangkonger
13,NAGALAND,267,Tuensang,01825,Shamator,268002,Shamator Hq
13,NAGALAND,267,Tuensang,01825,Shamator,268003,Shamator   Village
13,NAGALAND,267,Tuensang,01825,Shamator,268004,Waphur
13,NAGALAND,267,Tuensang,01825,Shamator,268005,Lasikiur
13,NAGALAND,267,Tuensang,01826,Tsurungto,000000,Tsurungto
13,NAGALAND,267,Tuensang,01826,Tsurungto,268006,Rurur 'A' +'B'
13,NAGALAND,267,Tuensang,01826,Tsurungto,268007,Sukiur 'A' +'B'
13,NAGALAND,267,Tuensang,01826,Tsurungto,268008,Tsurungto HQ
13,NAGALAND,267,Tuensang,01827,Chessore,000000,Chessore
13,NAGALAND,267,Tuensang,01827,Chessore,268009,K.Longsore (UR)
13,NAGALAND,267,Tuensang,01827,Chessore,268010,Kelonger
13,NAGALAND,267,Tuensang,01827,Chessore,268011,Chessore Vill.
13,NAGALAND,267,Tuensang,01827,Chessore,268012,Chessore Hq
13,NAGALAND,267,Tuensang,01827,Chessore,268013,Hukir
13,NAGALAND,267,Tuensang,01827,Chessore,268014,Aiponger
13,NAGALAND,267,Tuensang,01828,Mangko,000000,Mangko
13,NAGALAND,267,Tuensang,01828,Mangko,268015,Y. Anner Vill.
13,NAGALAND,267,Tuensang,01828,Mangko,268016,"Kephore ""A"""
13,NAGALAND,267,Tuensang,01828,Mangko,268017,"Kephore ""B"" (UR)"
13,NAGALAND,267,Tuensang,01828,Mangko,268018,Kiutsukiur
13,NAGALAND,267,Tuensang,01828,Mangko,268019,Mangko Hq 
13,NAGALAND,267,Tuensang,01828,Mangko,268020,"Shiponger ""A"""
13,NAGALAND,267,Tuensang,01828,Mangko,268021,"Shiponger ""B"""
13,NAGALAND,267,Tuensang,01829,Thonoknyu,000000,Thonoknyu
13,NAGALAND,267,Tuensang,01829,Thonoknyu,268022,Sanglao
13,NAGALAND,267,Tuensang,01829,Thonoknyu,268023,Kingphu (UR)
13,NAGALAND,267,Tuensang,01829,Thonoknyu,268024,New Sanglao
13,NAGALAND,267,Tuensang,01829,Thonoknyu,268025,Peshu
13,NAGALAND,267,Tuensang,01829,Thonoknyu,268026,Thongtsou (UR)
13,NAGALAND,267,Tuensang,01829,Thonoknyu,268027,Peshu Nokya (UR)
13,NAGALAND,267,Tuensang,01829,Thonoknyu,268028,Wui
13,NAGALAND,267,Tuensang,01829,Thonoknyu,268029,Chilliso
13,NAGALAND,267,Tuensang,01829,Thonoknyu,268030,Jejeiking (UR)
13,NAGALAND,267,Tuensang,01829,Thonoknyu,268031,Kenjong
13,NAGALAND,267,Tuensang,01829,Thonoknyu,268032,Thonoknyu Hq
13,NAGALAND,267,Tuensang,01829,Thonoknyu,268033,Thonoknyu  Vill.
13,NAGALAND,267,Tuensang,01829,Thonoknyu,268034,Thoktsur
13,NAGALAND,267,Tuensang,01829,Thonoknyu,268035,Chipur
13,NAGALAND,267,Tuensang,01829,Thonoknyu,268036,Pang
13,NAGALAND,267,Tuensang,01829,Thonoknyu,268037,Thongsonyu
13,NAGALAND,267,Tuensang,01829,Thonoknyu,268038,New Thongsonyu
13,NAGALAND,268,Longleng,00000,Longleng,000000,Longleng
13,NAGALAND,268,Longleng,01830,Tamlu,000000,Tamlu
13,NAGALAND,268,Longleng,01830,Tamlu,268039,Tamlu Hq
13,NAGALAND,268,Longleng,01830,Tamlu,268040,Ametchong (UR)
13,NAGALAND,268,Longleng,01830,Tamlu,268041,Tamlu Village
13,NAGALAND,268,Longleng,01830,Tamlu,268042,Kangching
13,NAGALAND,268,Longleng,01830,Tamlu,268043,Netnyuching
13,NAGALAND,268,Longleng,01831,Namsang,000000,Namsang
13,NAGALAND,268,Longleng,01831,Namsang,268044,Shetap
13,NAGALAND,268,Longleng,01831,Namsang,268045,Ladaigarh
13,NAGALAND,268,Longleng,01831,Namsang,268046,Yonglok
13,NAGALAND,268,Longleng,01831,Namsang,268047,Namhaching
13,NAGALAND,268,Longleng,01831,Namsang,268048,Ngetchungshing
13,NAGALAND,268,Longleng,01831,Namsang,268049,Aboiche (UR)
13,NAGALAND,268,Longleng,01831,Namsang,268050,Shemnyuching
13,NAGALAND,268,Longleng,01831,Namsang,268051,Bura Namsang
13,NAGALAND,268,Longleng,01831,Namsang,268052,Konsong S/ Comp (UR)
13,NAGALAND,268,Longleng,01832,Yongnyah,000000,Yongnyah
13,NAGALAND,268,Longleng,01832,Yongnyah,268053,Tangha
13,NAGALAND,268,Longleng,01832,Yongnyah,268054,Amosen (UR)
13,NAGALAND,268,Longleng,01832,Yongnyah,268055,Chingong (UR)
13,NAGALAND,268,Longleng,01832,Yongnyah,268056,Yongnyah Hq (UR)
13,NAGALAND,268,Longleng,01832,Yongnyah,268057,Shamshangching (UR)
13,NAGALAND,268,Longleng,01832,Yongnyah,268058,Yongnyah Village
13,NAGALAND,268,Longleng,01832,Yongnyah,268059,Nian
13,NAGALAND,268,Longleng,01832,Yongnyah,268060,Yotan S/Comp (UR)
13,NAGALAND,268,Longleng,01832,Yongnyah,268061,Yongshei
13,NAGALAND,268,Longleng,01832,Yongnyah,268062,Yungja (UR)
13,NAGALAND,268,Longleng,01832,Yongnyah,268063,Yongam
13,NAGALAND,268,Longleng,01833,Longleng,000000,Longleng
13,NAGALAND,268,Longleng,01833,Longleng,268064,Noksosang
13,NAGALAND,268,Longleng,01833,Longleng,268065,Yachem
13,NAGALAND,268,Longleng,01833,Longleng,268066,Yaongyimchen
13,NAGALAND,268,Longleng,01833,Longleng,268067,Alayung
13,NAGALAND,268,Longleng,01833,Longleng,268068,Bhumnyu (Mongnyu)
13,NAGALAND,268,Longleng,01833,Longleng,268069,Dungkhao
13,NAGALAND,268,Longleng,01833,Longleng,268070,Orangkong
13,NAGALAND,268,Longleng,01833,Longleng,268071,Hamlikhong (UR)
13,NAGALAND,268,Longleng,01833,Longleng,268072,Oushok (UR)
13,NAGALAND,268,Longleng,01833,Longleng,268073,Mongtikong
13,NAGALAND,268,Longleng,01833,Longleng,268074,Namching S/Comp (UR)
13,NAGALAND,268,Longleng,01833,Longleng,268075,Hukpang
13,NAGALAND,268,Longleng,01833,Longleng,268076,Lingtak (UR)
13,NAGALAND,268,Longleng,01833,Longleng,268077,Pongching
13,NAGALAND,268,Longleng,01834,Sakshi,000000,Sakshi
13,NAGALAND,268,Longleng,01834,Sakshi,268078,Pongo
13,NAGALAND,268,Longleng,01834,Sakshi,268079,Hongnyu
13,NAGALAND,268,Longleng,01834,Sakshi,268080,Mungkhu (UR)
13,NAGALAND,268,Longleng,01834,Sakshi,268081,Yongphang 
13,NAGALAND,268,Longleng,01834,Sakshi,268082,Yongphang S/Comp (UR)
13,NAGALAND,268,Longleng,01834,Sakshi,268083,Yangching
13,NAGALAND,268,Longleng,01834,Sakshi,268084,Sakshi Hq (UR)
13,NAGALAND,268,Longleng,01834,Sakshi,268085,Yimchong
13,NAGALAND,268,Longleng,01834,Sakshi,268086,Sakshi Village
13,NAGALAND,268,Longleng,01834,Sakshi,268087,Auching
13,NAGALAND,269,Kiphire,00000,Kiphire,000000,Kiphire
13,NAGALAND,269,Kiphire,01835,Seyochung,000000,Seyochung
13,NAGALAND,269,Kiphire,01835,Seyochung,268088,Phisami S/Comp.
13,NAGALAND,269,Kiphire,01835,Seyochung,268089,Shothumi 'A'
13,NAGALAND,269,Kiphire,01835,Seyochung,268090,Shothumi 'B'
13,NAGALAND,269,Kiphire,01835,Seyochung,268091,Phisami 
13,NAGALAND,269,Kiphire,01835,Seyochung,268092,Lukhami
13,NAGALAND,269,Kiphire,01835,Seyochung,268093,Yangzitong
13,NAGALAND,269,Kiphire,01835,Seyochung,268094,Seyochung Hq
13,NAGALAND,269,Kiphire,01835,Seyochung,268095,Seyochung Town GHS Camp
13,NAGALAND,269,Kiphire,01835,Seyochung,268096,New Monger
13,NAGALAND,269,Kiphire,01835,Seyochung,268097,Old Monger
13,NAGALAND,269,Kiphire,01835,Seyochung,268098,Yingphir
13,NAGALAND,269,Kiphire,01835,Seyochung,268099,Longya Comp.
13,NAGALAND,269,Kiphire,01835,Seyochung,268100,Seyochung  Vill.
13,NAGALAND,269,Kiphire,01835,Seyochung,268101,Tsunger
13,NAGALAND,269,Kiphire,01835,Seyochung,268102,Thangthur
13,NAGALAND,269,Kiphire,01836,Amahator,000000,Amahator
13,NAGALAND,269,Kiphire,01836,Amahator,268103,Hutanger
13,NAGALAND,269,Kiphire,01836,Amahator,268104,Huronger
13,NAGALAND,269,Kiphire,01836,Amahator,268105,Kichang S/Comp.
13,NAGALAND,269,Kiphire,01836,Amahator,268106,Purrur
13,NAGALAND,269,Kiphire,01836,Amahator,268107,Kisetong
13,NAGALAND,269,Kiphire,01836,Amahator,268108,Risethsi (New) 
13,NAGALAND,269,Kiphire,01836,Amahator,268109,Risethsi (Old)
13,NAGALAND,269,Kiphire,01836,Amahator,268110,Inshikiur
13,NAGALAND,269,Kiphire,01836,Amahator,268111,Amahator Vill.
13,NAGALAND,269,Kiphire,01836,Amahator,268112,Amahator Hq
13,NAGALAND,269,Kiphire,01836,Amahator,268113,Changchor
13,NAGALAND,269,Kiphire,01836,Amahator,268114,Keor
13,NAGALAND,269,Kiphire,01837,Kiphire Sadar,000000,Kiphire Sadar
13,NAGALAND,269,Kiphire,01837,Kiphire Sadar,268115,Anatongre
13,NAGALAND,269,Kiphire,01837,Kiphire Sadar,268116,Anatongre (GREF) 
13,NAGALAND,269,Kiphire,01837,Kiphire Sadar,268117,Nuts (UR)
13,NAGALAND,269,Kiphire,01837,Kiphire Sadar,268118,Tsar Farm
13,NAGALAND,269,Kiphire,01837,Kiphire Sadar,268119,Phelungre
13,NAGALAND,269,Kiphire,01837,Kiphire Sadar,268120,Singrep
13,NAGALAND,269,Kiphire,01837,Kiphire Sadar,268121,Langkok
13,NAGALAND,269,Kiphire,01837,Kiphire Sadar,268122,Longthonger
13,NAGALAND,269,Kiphire,01837,Kiphire Sadar,268123,Kiphire Vill.
13,NAGALAND,269,Kiphire,01838,Kiusam,000000,Kiusam
13,NAGALAND,269,Kiphire,01838,Kiusam,268124,Metonger
13,NAGALAND,269,Kiphire,01838,Kiusam,268125,Sangkhumti
13,NAGALAND,269,Kiphire,01838,Kiusam,268126,Chikiponger
13,NAGALAND,269,Kiphire,01838,Kiusam,268127,Kiusam Vill.
13,NAGALAND,269,Kiphire,01838,Kiusam,268128,Kiusam Hq
13,NAGALAND,269,Kiphire,01838,Kiusam,268129,Longtsunger
13,NAGALAND,269,Kiphire,01838,Kiusam,268130,Pokphur
13,NAGALAND,269,Kiphire,01838,Kiusam,268131,Sangtsung
13,NAGALAND,269,Kiphire,01839,Sitimi,000000,Sitimi
13,NAGALAND,269,Kiphire,01839,Sitimi,268132,Langzanger
13,NAGALAND,269,Kiphire,01839,Sitimi,268133,Yangsekyu
13,NAGALAND,269,Kiphire,01839,Sitimi,268134,Thazuvi
13,NAGALAND,269,Kiphire,01839,Sitimi,268135,Chehozu (UR)
13,NAGALAND,269,Kiphire,01839,Sitimi,268136,Natsami
13,NAGALAND,269,Kiphire,01839,Sitimi,268137,Sitimi Vill.
13,NAGALAND,269,Kiphire,01839,Sitimi,268138,Shishimi
13,NAGALAND,269,Kiphire,01839,Sitimi,268139,Sitimi Hq
13,NAGALAND,269,Kiphire,01839,Sitimi,268140,Kiyezhe
13,NAGALAND,269,Kiphire,01839,Sitimi,268141,Nitoi
13,NAGALAND,269,Kiphire,01839,Sitimi,268142,Honito
13,NAGALAND,269,Kiphire,01839,Sitimi,268143,Nikiye
13,NAGALAND,269,Kiphire,01839,Sitimi,268144,Xuvishe
13,NAGALAND,269,Kiphire,01840,Longmatra,000000,Longmatra
13,NAGALAND,269,Kiphire,01840,Longmatra,268145,Santsoze
13,NAGALAND,269,Kiphire,01840,Longmatra,268146,Samphur
13,NAGALAND,269,Kiphire,01840,Longmatra,268147,Tetheyu
13,NAGALAND,269,Kiphire,01840,Longmatra,268148,Tsongphong
13,NAGALAND,269,Kiphire,01840,Longmatra,268149,Tethezu
13,NAGALAND,269,Kiphire,01840,Longmatra,268150,Tsulothe GREF Camp
13,NAGALAND,269,Kiphire,01840,Longmatra,268151,Longmatra Hq
13,NAGALAND,269,Kiphire,01840,Longmatra,268152,Tsungaki Camp
13,NAGALAND,269,Kiphire,01840,Longmatra,268153,Longmatra
13,NAGALAND,269,Kiphire,01840,Longmatra,268154,Ngromi
13,NAGALAND,269,Kiphire,01840,Longmatra,268155,New Longmatra
13,NAGALAND,269,Kiphire,01840,Longmatra,268156,Pungren
13,NAGALAND,269,Kiphire,01841,Pungro,000000,Pungro
13,NAGALAND,269,Kiphire,01841,Pungro,268157,Zimkiur
13,NAGALAND,269,Kiphire,01841,Pungro,268158,Chomi
13,NAGALAND,269,Kiphire,01841,Pungro,268159,Zaonger
13,NAGALAND,269,Kiphire,01841,Pungro,268160,Tekivong
13,NAGALAND,269,Kiphire,01841,Pungro,268161,Iponger
13,NAGALAND,269,Kiphire,01841,Pungro,268162,Pungro Vill.
13,NAGALAND,269,Kiphire,01841,Pungro,268163,Luthur
13,NAGALAND,269,Kiphire,01841,Pungro,268164,Pungro Hq
13,NAGALAND,269,Kiphire,01841,Pungro,268165,Vongti
13,NAGALAND,269,Kiphire,01841,Pungro,268166,New Vongti
13,NAGALAND,269,Kiphire,01841,Pungro,268167,LHEP Compound
13,NAGALAND,269,Kiphire,01841,Pungro,268168,Moya
13,NAGALAND,269,Kiphire,01841,Pungro,268169,Longkhimong
13,NAGALAND,269,Kiphire,01841,Pungro,268170,Khongjiri
13,NAGALAND,269,Kiphire,01841,Pungro,268171,Mimi
13,NAGALAND,269,Kiphire,01841,Pungro,268172,Mutingkhong
13,NAGALAND,269,Kiphire,01841,Pungro,268173,Khongka
13,NAGALAND,269,Kiphire,01841,Pungro,268174,Lofukhong
13,NAGALAND,269,Kiphire,01841,Pungro,268175,Hakumti
13,NAGALAND,269,Kiphire,01842,Khongsa,000000,Khongsa
13,NAGALAND,269,Kiphire,01842,Khongsa,268176,Salomi
13,NAGALAND,269,Kiphire,01842,Khongsa,268177,Khongsa Hq.
13,NAGALAND,269,Kiphire,01842,Khongsa,268178,Penkim
13,NAGALAND,269,Kiphire,01842,Khongsa,268179,Fakim
13,NAGALAND,269,Kiphire,01842,Khongsa,268180,Vongtsowong
13,NAGALAND,269,Kiphire,01842,Khongsa,268181,Tsundang
13,NAGALAND,269,Kiphire,01842,Khongsa,268182,Thanamir
13,NAGALAND,269,Kiphire,01842,Khongsa,268183,Khong
13,NAGALAND,270,Kohima,00000,Kohima,000000,Kohima
13,NAGALAND,270,Kohima,01843,Tseminyu,000000,Tseminyu
13,NAGALAND,270,Kohima,01843,Tseminyu,268184,Rumensinyu
13,NAGALAND,270,Kohima,01843,Tseminyu,268185,Tsonsa
13,NAGALAND,270,Kohima,01843,Tseminyu,268186,K. Station
13,NAGALAND,270,Kohima,01843,Tseminyu,268187,Sishunu
13,NAGALAND,270,Kohima,01843,Tseminyu,268188,Kandinu
13,NAGALAND,270,Kohima,01843,Tseminyu,268189,Likhwenchu
13,NAGALAND,270,Kohima,01843,Tseminyu,268190,Chunlikha
13,NAGALAND,270,Kohima,01843,Tseminyu,268191,Sewanu
13,NAGALAND,270,Kohima,01843,Tseminyu,268192,Nsunyu
13,NAGALAND,270,Kohima,01843,Tseminyu,268193,Ehunnu
13,NAGALAND,270,Kohima,01843,Tseminyu,268194,Yikhanu
13,NAGALAND,270,Kohima,01843,Tseminyu,268195,New Tesophenyu
13,NAGALAND,270,Kohima,01843,Tseminyu,268196,Tesophenyu
13,NAGALAND,270,Kohima,01843,Tseminyu,268197,Ziphenyu
13,NAGALAND,270,Kohima,01843,Tseminyu,268198,Khenyu
13,NAGALAND,270,Kohima,01843,Tseminyu,268199,Phenshunyu
13,NAGALAND,270,Kohima,01843,Tseminyu,268200,Tseminyu Vill.
13,NAGALAND,270,Kohima,01843,Tseminyu,268201,Ngvuphen
13,NAGALAND,270,Kohima,01843,Tseminyu,268202,Gukhanyu
13,NAGALAND,270,Kohima,01843,Tseminyu,268203,Zisunyu
13,NAGALAND,270,Kohima,01843,Tseminyu,268204,Zunpha Mission Centre (UR)
13,NAGALAND,270,Kohima,01843,Tseminyu,268205,Tseminyu Old Town
13,NAGALAND,270,Kohima,01843,Tseminyu,268206,Khonibenzun
13,NAGALAND,270,Kohima,01843,Tseminyu,268207,Terogunyu
13,NAGALAND,270,Kohima,01843,Tseminyu,268208,Phenwhenyu
13,NAGALAND,270,Kohima,01843,Tseminyu,268209,Henbenji
13,NAGALAND,270,Kohima,01843,Tseminyu,268210,Kashanyu
13,NAGALAND,270,Kohima,01843,Tseminyu,268211,Guzinyu (UR)
13,NAGALAND,270,Kohima,01843,Tseminyu,268212,Kashanyishi 
13,NAGALAND,270,Kohima,01843,Tseminyu,268213,Phenda (UR)
13,NAGALAND,270,Kohima,01843,Tseminyu,268214,Tseminyu South 
13,NAGALAND,270,Kohima,01843,Tseminyu,268215,New Terogunyu 
13,NAGALAND,270,Kohima,01844,Tsogin,000000,Tsogin
13,NAGALAND,270,Kohima,01844,Tsogin,268216,Longwesunyu
13,NAGALAND,270,Kohima,01844,Tsogin,268217,Tsogin Hq
13,NAGALAND,270,Kohima,01844,Tsogin,268218,Rengmapani
13,NAGALAND,270,Kohima,01844,Tsogin,268219,Tsosinyu
13,NAGALAND,270,Kohima,01844,Tsogin,268220,New Sendenyu
13,NAGALAND,270,Kohima,01844,Tsogin,268221,Sendenyu
13,NAGALAND,270,Kohima,01844,Tsogin,268222,Thongsunyu
13,NAGALAND,270,Kohima,01845,Chiephobozou,000000,Chiephobozou
13,NAGALAND,270,Kohima,01845,Chiephobozou,268223,Viphoma
13,NAGALAND,270,Kohima,01845,Chiephobozou,268224,Viphoma Basa (UR)
13,NAGALAND,270,Kohima,01845,Chiephobozou,268225,Phekerkrie Basa
13,NAGALAND,270,Kohima,01845,Chiephobozou,268226,Phekerkrie Bawe
13,NAGALAND,270,Kohima,01845,Chiephobozou,268227,Ziezou
13,NAGALAND,270,Kohima,01845,Chiephobozou,268228,Nachama
13,NAGALAND,270,Kohima,01845,Chiephobozou,268229,Ciechama
13,NAGALAND,270,Kohima,01845,Chiephobozou,268230,Zhadima
13,NAGALAND,270,Kohima,01845,Chiephobozou,268231,Chiephobozou
13,NAGALAND,270,Kohima,01845,Chiephobozou,268232,Nerhe Model
13,NAGALAND,270,Kohima,01845,Chiephobozou,268233,Nerhema
13,NAGALAND,270,Kohima,01845,Chiephobozou,268234,Phezha
13,NAGALAND,270,Kohima,01845,Chiephobozou,268235,Tsiese Basa
13,NAGALAND,270,Kohima,01845,Chiephobozou,268236,Tsiese Bawe
13,NAGALAND,270,Kohima,01845,Chiephobozou,268237,Thizama
13,NAGALAND,270,Kohima,01845,Chiephobozou,268238,Meriema
13,NAGALAND,270,Kohima,01845,Chiephobozou,268239,4Th NAP Batt. Thiza
13,NAGALAND,270,Kohima,01845,Chiephobozou,268240,Rusoma
13,NAGALAND,270,Kohima,01846,Botsa,000000,Botsa
13,NAGALAND,270,Kohima,01846,Botsa,268241,Tsiemekhuma Basa
13,NAGALAND,270,Kohima,01846,Botsa,268242,Tsiemekhuma Bawe
13,NAGALAND,270,Kohima,01846,Botsa,268243,Seiyhama
13,NAGALAND,270,Kohima,01846,Botsa,268244,Seiyha Phesa
13,NAGALAND,270,Kohima,01846,Botsa,268245,Botsa
13,NAGALAND,270,Kohima,01846,Botsa,268246,Tuophema
13,NAGALAND,270,Kohima,01846,Botsa,268247,Tuophe Phezou
13,NAGALAND,270,Kohima,01846,Botsa,268248,Teichuma
13,NAGALAND,270,Kohima,01846,Botsa,268249,Gareiphema
13,NAGALAND,270,Kohima,01846,Botsa,268250,Gareiphe Basa
13,NAGALAND,270,Kohima,01847,Kezocha,000000,Kezocha
13,NAGALAND,270,Kohima,01847,Kezocha,268251,Kijumetouma
13,NAGALAND,270,Kohima,01847,Kezocha,268252,Kijumetou Basa
13,NAGALAND,270,Kohima,01847,Kezocha,268253,Dihoma
13,NAGALAND,270,Kohima,01847,Kezocha,268254,Sakhabama
13,NAGALAND,270,Kohima,01847,Kezocha,268255,Kezo Town (UR)
13,NAGALAND,270,Kohima,01847,Kezocha,268256,Mitelephe
13,NAGALAND,270,Kohima,01847,Kezocha,268257,Kezo Basa
13,NAGALAND,270,Kohima,01847,Kezocha,268258,Kezoma
13,NAGALAND,270,Kohima,01847,Kezocha,268259,Kezocha Hq
13,NAGALAND,270,Kohima,01847,Kezocha,268260,Kidima
13,NAGALAND,270,Kohima,01848,Jakhama,000000,Jakhama
13,NAGALAND,270,Kohima,01848,Jakhama,268261,Pfuchama
13,NAGALAND,270,Kohima,01848,Jakhama,268262,Phesama
13,NAGALAND,270,Kohima,01848,Jakhama,268263,Mima
13,NAGALAND,270,Kohima,01848,Jakhama,268264,Kigwema
13,NAGALAND,270,Kohima,01848,Jakhama,268265,Kigwe Town (UR)
13,NAGALAND,270,Kohima,01848,Jakhama,268266,Jakhama Hq (UR)
13,NAGALAND,270,Kohima,01848,Jakhama,268267,Jakhama Vill.
13,NAGALAND,270,Kohima,01848,Jakhama,268268,Sweba (Viswema) 
13,NAGALAND,270,Kohima,01848,Jakhama,268269,Viswema
13,NAGALAND,270,Kohima,01848,Jakhama,268270,Khuzama
13,NAGALAND,270,Kohima,01849,Kohima Sadar,000000,Kohima Sadar
13,NAGALAND,270,Kohima,01849,Kohima Sadar,268271,Chiede Model Vill.
13,NAGALAND,270,Kohima,01849,Kohima Sadar,268272,Chiedema
13,NAGALAND,270,Kohima,01849,Kohima Sadar,268273,Kohima Village (CT)
13,NAGALAND,270,Kohima,01850,Sechu-Zubza,000000,Sechu-Zubza
13,NAGALAND,270,Kohima,01850,Sechu-Zubza,268274,Mengujuma
13,NAGALAND,270,Kohima,01850,Sechu-Zubza,268275,Peducha
13,NAGALAND,270,Kohima,01850,Sechu-Zubza,268276,Sirhi Angami
13,NAGALAND,270,Kohima,01850,Sechu-Zubza,268277,Kiruphema Bawe
13,NAGALAND,270,Kohima,01850,Sechu-Zubza,268278,Kiruphema Basa
13,NAGALAND,270,Kohima,01850,Sechu-Zubza,268279,Sechu (Zubza)
13,NAGALAND,270,Kohima,01850,Sechu-Zubza,268280,Hydro Project Station
13,NAGALAND,270,Kohima,01850,Sechu-Zubza,268281,Mezo Basa
13,NAGALAND,270,Kohima,01850,Sechu-Zubza,268282,Thekrejuma
13,NAGALAND,270,Kohima,01850,Sechu-Zubza,268283,Sechuma
13,NAGALAND,270,Kohima,01850,Sechu-Zubza,268284,Mezoma
13,NAGALAND,270,Kohima,01850,Sechu-Zubza,268285,Jotsoma
13,NAGALAND,270,Kohima,01850,Sechu-Zubza,268286,Phezhu (Jotsoma) (UR)
13,NAGALAND,270,Kohima,01850,Sechu-Zubza,268287,Khonoma
13,NAGALAND,270,Kohima,01850,Sechu-Zubza,268288,Khonoma Basa (UR)
13,NAGALAND,270,Kohima,01850,Sechu-Zubza,268289,Dzuleke
13,NAGALAND,271,Peren,00000,Peren,000000,Peren
13,NAGALAND,271,Peren,01851,Pedi (Ngwalwa),000000,Pedi (Ngwalwa)
13,NAGALAND,271,Peren,01851,Pedi (Ngwalwa),268290,Heningkunglwa
13,NAGALAND,271,Peren,01851,Pedi (Ngwalwa),268291,Ngwalwa Hq
13,NAGALAND,271,Peren,01851,Pedi (Ngwalwa),268292,Gaili
13,NAGALAND,271,Peren,01851,Pedi (Ngwalwa),268293,Punglwa 'B' (UR)
13,NAGALAND,271,Peren,01851,Pedi (Ngwalwa),268294,Punglwa
13,NAGALAND,271,Peren,01851,Pedi (Ngwalwa),268295,Ngwalwa Vill.
13,NAGALAND,271,Peren,01851,Pedi (Ngwalwa),268296,Hainaikui (UR)
13,NAGALAND,271,Peren,01851,Pedi (Ngwalwa),268297,Pedi
13,NAGALAND,271,Peren,01851,Pedi (Ngwalwa),268298,Heunanbe (UR)
13,NAGALAND,271,Peren,01851,Pedi (Ngwalwa),268299,Benreu
13,NAGALAND,271,Peren,01851,Pedi (Ngwalwa),268300,Poilwa
13,NAGALAND,271,Peren,01851,Pedi (Ngwalwa),268301,Poilwa Namci
13,NAGALAND,271,Peren,01851,Pedi (Ngwalwa),268302,Poilwa Namdi (UR)
13,NAGALAND,271,Peren,01851,Pedi (Ngwalwa),268303,Kelagim (UR)
13,NAGALAND,271,Peren,01852,Jalukie,000000,Jalukie
13,NAGALAND,271,Peren,01852,Jalukie,268304,Inavi (Hevuto) (UR)
13,NAGALAND,271,Peren,01852,Jalukie,268305,Viniho (UR)
13,NAGALAND,271,Peren,01852,Jalukie,268306,Jalukiekam
13,NAGALAND,271,Peren,01852,Jalukie,268307,Jalukie Zangdi
13,NAGALAND,271,Peren,01852,Jalukie,268308,Libamphai
13,NAGALAND,271,Peren,01852,Jalukie,268309,Jalukie 'S' (J. Sangtam)
13,NAGALAND,271,Peren,01852,Jalukie,268310,Mhaikam
13,NAGALAND,271,Peren,01852,Jalukie,268311,Jalukielo
13,NAGALAND,271,Peren,01852,Jalukie,268312,Nkwareu
13,NAGALAND,271,Peren,01852,Jalukie,268313,Jalukie Rongdai (UR)
13,NAGALAND,271,Peren,01852,Jalukie,268314,Mhainamtsi
13,NAGALAND,271,Peren,01852,Jalukie,268315,New Jalukie
13,NAGALAND,271,Peren,01852,Jalukie,268316,Jalukie 'B'
13,NAGALAND,271,Peren,01852,Jalukie,268317,Jalukie Lower Khel (UR)
13,NAGALAND,271,Peren,01852,Jalukie,268318,Samzuram
13,NAGALAND,271,Peren,01852,Jalukie,268319,Jalukieram
13,NAGALAND,271,Peren,01852,Jalukie,268320,Jalukie Upper Khel (UR)
13,NAGALAND,271,Peren,01852,Jalukie,268321,Jalukie (Old)
13,NAGALAND,271,Peren,01852,Jalukie,268322,Dunki
13,NAGALAND,271,Peren,01852,Jalukie,268323,Mhai
13,NAGALAND,271,Peren,01852,Jalukie,268324,Kejanglwa
13,NAGALAND,271,Peren,01852,Jalukie,268325,Dzukwaram
13,NAGALAND,271,Peren,01853,Athibung,000000,Athibung
13,NAGALAND,271,Peren,01853,Athibung,268326,Beisumpuikam
13,NAGALAND,271,Peren,01853,Athibung,268327,Lilen
13,NAGALAND,271,Peren,01853,Athibung,268328,Lilen 'B' (UR)
13,NAGALAND,271,Peren,01853,Athibung,268329,Phanjang
13,NAGALAND,271,Peren,01853,Athibung,268330,Saijang
13,NAGALAND,271,Peren,01853,Athibung,268331,Newchamcha (UR)
13,NAGALAND,271,Peren,01853,Athibung,268332,Phaijol
13,NAGALAND,271,Peren,01853,Athibung,268333,New Chalkot
13,NAGALAND,271,Peren,01853,Athibung,268334,Vongkithem
13,NAGALAND,271,Peren,01853,Athibung,268335,Vongkithem 'B' (UR)
13,NAGALAND,271,Peren,01853,Athibung,268336,Pellhang 'B' (UR)
13,NAGALAND,271,Peren,01853,Athibung,268337,Gellhang (UR)
13,NAGALAND,271,Peren,01853,Athibung,268338,New Pellhang (UR)
13,NAGALAND,271,Peren,01853,Athibung,268339,Pellhang   
13,NAGALAND,271,Peren,01853,Athibung,268340,Inbung
13,NAGALAND,271,Peren,01853,Athibung,268341,Old Chalkot
13,NAGALAND,271,Peren,01853,Athibung,268342,Songlhuh
13,NAGALAND,271,Peren,01853,Athibung,268343,Athibung
13,NAGALAND,271,Peren,01853,Athibung,268344,New Beisumpui
13,NAGALAND,271,Peren,01853,Athibung,268345,Bongkolong
13,NAGALAND,271,Peren,01853,Athibung,268346,Bunglen (UR)
13,NAGALAND,271,Peren,01853,Athibung,268347,Mouicham (UR)
13,NAGALAND,271,Peren,01853,Athibung,268348,Gopibung (UR)
13,NAGALAND,271,Peren,01853,Athibung,268349,Songsang
13,NAGALAND,271,Peren,01853,Athibung,268350,Old Beisumpui
13,NAGALAND,271,Peren,01854,Kebai Khelma,000000,Kebai Khelma
13,NAGALAND,271,Peren,01854,Kebai Khelma,268351,Lower Sinjol
13,NAGALAND,271,Peren,01854,Kebai Khelma,268352,Songngou
13,NAGALAND,271,Peren,01854,Kebai Khelma,268353,New Soget
13,NAGALAND,271,Peren,01854,Kebai Khelma,268354,Beisumpuilwo (UR)
13,NAGALAND,271,Peren,01854,Kebai Khelma,268355,Ikeisingram
13,NAGALAND,271,Peren,01854,Kebai Khelma,268356,Nsenlwa
13,NAGALAND,271,Peren,01854,Kebai Khelma,268357,Old Soget
13,NAGALAND,271,Peren,01854,Kebai Khelma,268358,Khelma
13,NAGALAND,271,Peren,01854,Kebai Khelma,268359,Sailhem
13,NAGALAND,271,Peren,01854,Kebai Khelma,268360,Nkio (New)
13,NAGALAND,271,Peren,01854,Kebai Khelma,268361,Phaikolum
13,NAGALAND,271,Peren,01854,Kebai Khelma,268362,Nkio 'B'
13,NAGALAND,271,Peren,01854,Kebai Khelma,268363,New Ngaolong
13,NAGALAND,271,Peren,01855,Nsong,000000,Nsong
13,NAGALAND,271,Peren,01855,Nsong,268364,Bamsiakelu
13,NAGALAND,271,Peren,01855,Nsong,268365,Nsong Hq
13,NAGALAND,271,Peren,01855,Nsong,268366,Nchan
13,NAGALAND,271,Peren,01855,Nsong,268367,Old Ngaulong
13,NAGALAND,271,Peren,01855,Nsong,268368,Nsong Vill.
13,NAGALAND,271,Peren,01855,Nsong,268369,Ngam
13,NAGALAND,271,Peren,01855,Nsong,268370,Lalong
13,NAGALAND,271,Peren,01855,Nsong,268371,Nzauna
13,NAGALAND,271,Peren,01856,Tening,000000,Tening
13,NAGALAND,271,Peren,01856,Tening,268372,Heiranglwa
13,NAGALAND,271,Peren,01856,Tening,268373,New Tesen
13,NAGALAND,271,Peren,01856,Tening,268374,Old Tesen
13,NAGALAND,271,Peren,01856,Tening,268375,Mbaulwa
13,NAGALAND,271,Peren,01856,Tening,268376,Upper Sinjol
13,NAGALAND,271,Peren,01856,Tening,268377,Nkialwa
13,NAGALAND,271,Peren,01856,Tening,268378,Azailong
13,NAGALAND,271,Peren,01856,Tening,268379,Mbaupungwa
13,NAGALAND,271,Peren,01856,Tening,268380,Mbaupunchi
13,NAGALAND,271,Peren,01856,Tening,268381,Nchangram
13,NAGALAND,271,Peren,01856,Tening,268382,Nkio (Old)
13,NAGALAND,271,Peren,01856,Tening,268383,Tening Hq
13,NAGALAND,271,Peren,01856,Tening,268384,Tening Christ Vill. (UR)
13,NAGALAND,271,Peren,01856,Tening,268385,Tening (Old)
13,NAGALAND,271,Peren,01856,Tening,268386,Tening Namsan (UR)
13,NAGALAND,271,Peren,01856,Tening,268387,Tepun
13,NAGALAND,271,Peren,01856,Tening,268388,Nzau (Old)
13,NAGALAND,271,Peren,01856,Tening,268389,Nzau Namsan
13,NAGALAND,271,Peren,01856,Tening,268390,Ntu
13,NAGALAND,271,Peren,01856,Tening,268391,Canamram (UR)
13,NAGALAND,271,Peren,01857,Peren,000000,Peren
13,NAGALAND,271,Peren,01857,Peren,268392,Peren (New)
13,NAGALAND,271,Peren,01857,Peren,268393,Kipeujang (UR)
13,NAGALAND,271,Peren,01857,Peren,268394,Peletkie
13,NAGALAND,271,Peren,01857,Peren,268395,Ndunglwa
13,NAGALAND,271,Peren,01857,Peren,268396,Peren Namdi (UR)
13,NAGALAND,271,Peren,01857,Peren,268397,Peren (Old)
13,NAGALAND,271,Peren,01857,Peren,268398,New Puilwa
13,NAGALAND,271,Peren,01857,Peren,268399,Old Puilwa
13,NAGALAND,271,Peren,01857,Peren,268400,Mpai
13,NAGALAND,271,Peren,01857,Peren,268401,Kendung
